2025-11-17 17:58:31,461 - Knowledge - INFO - Created shared MongoDB connection pool
2025-11-17 17:58:31,770 - Knowledge - INFO - Starting Knowledge Graph processing with 20 threads
2025-11-17 17:58:31,951 - Knowledge - INFO - Initial configuration: chunk_size=65536, max_cache_size=500
2025-11-17 17:58:32,147 - Knowledge - INFO - Knowledge Graph concurrency configuration: workers=20, max_batch_size=25, max_concurrent_llm_calls=50
2025-11-17 17:58:33,684 - Knowledge - INFO - 🔍 _load_persisted_knowledge called - checking for Redis optimization
2025-11-17 17:58:33,903 - Knowledge - WARNING - ❌ load_from_redis method not found - Redis support not attached
2025-11-17 17:58:34,125 - Knowledge - INFO - load persisted knowledge: begin
2025-11-17 17:58:34,370 - Knowledge - INFO - Loaded 0 files from persisted knowledge
2025-11-17 17:58:34,576 - Knowledge - INFO - load persisted knowledge: end
2025-11-17 17:58:34,815 - Knowledge - WARNING - No persisted knowledge found. Files will be queued during start()
2025-11-17 17:58:35,023 - Knowledge - INFO - Redis support added with prefix knowledge:b5874os:
2025-11-17 17:58:35,265 - Knowledge - INFO - Starting knowledge initialization for ID: OysLrt-b5874os
2025-11-17 17:58:35,498 - Knowledge - INFO - 🔍 Checking Redis for build_id: b5874os
2025-11-17 17:58:35,713 - Knowledge - INFO - 🔍 Full session ID: OysLrt-b5874os
2025-11-17 17:58:35,932 - Knowledge - INFO - 🔍 Redis prefix will be: knowledge:b5874os:
2025-11-17 17:58:36,127 - Knowledge - INFO - 🔍 Using attached load_from_redis() method
2025-11-17 17:58:36,324 - Knowledge - INFO - 🔍 Attempting to load knowledge from Redis...
2025-11-17 17:58:36,540 - Knowledge - INFO - 🔍 Using derived instance_id for Redis lookup: b5874os
2025-11-17 17:58:39,380 - Knowledge - WARNING - ❌ No Redis cache found
2025-11-17 17:58:41,784 - Knowledge - INFO - 📁 Loading knowledge from disk...
2025-11-17 17:58:42,011 - Knowledge - INFO - load persisted docinfo: begin
2025-11-17 17:58:42,215 - Knowledge - INFO - load persisted docinfo: end
2025-11-17 17:58:42,398 - Knowledge - INFO - 🔍 _load_persisted_knowledge called - checking for Redis optimization
2025-11-17 17:58:42,580 - Knowledge - INFO - ✅ load_from_redis method found - attempting Redis load
2025-11-17 17:58:42,789 - Knowledge - INFO - 🔍 Attempting to load knowledge from Redis...
2025-11-17 17:58:42,962 - Knowledge - INFO - 🔍 Using derived instance_id for Redis lookup: b5874os
2025-11-17 17:58:45,329 - Knowledge - WARNING - ❌ No Redis cache found
2025-11-17 17:58:45,491 - Knowledge - INFO - ❌ Redis load returned False - falling back to file loading
2025-11-17 17:58:45,641 - Knowledge - INFO - load persisted knowledge: begin
2025-11-17 17:58:45,833 - Knowledge - INFO - Loaded 0 files from persisted knowledge
2025-11-17 17:58:46,005 - Knowledge - INFO - load persisted knowledge: end
2025-11-17 17:58:46,217 - Knowledge - INFO - 📁 Disk load complete in 4.25s
2025-11-17 17:58:46,380 - Knowledge - INFO - Populating ingest queue with source files...
2025-11-17 17:58:46,828 - Knowledge - INFO - Added 184 files from /app/data/kaviademo4200/40928/b5874os/Finance to ingest queue
2025-11-17 17:58:47,066 - Knowledge - INFO - Worker kw1 created using shared MongoDB connection pool
2025-11-17 17:58:47,222 - Knowledge - INFO - knowledge worker kw1 start
2025-11-17 17:58:47,223 - Knowledge - INFO - Worker kw2 created using shared MongoDB connection pool
2025-11-17 17:58:47,386 - Knowledge - INFO - [kw1] Queue=184, InProgress=0, PendingWorkers=0/1, Completed=0/184 (0.0%)
2025-11-17 17:58:47,471 - Knowledge - INFO - knowledge worker kw2 start
2025-11-17 17:58:47,471 - Knowledge - INFO - Worker kw3 created using shared MongoDB connection pool
2025-11-17 17:58:47,605 - Knowledge - INFO - Batch sizing: calculated=12, max_allowed=25, queue=184, active_workers=0/2
2025-11-17 17:58:47,729 - Knowledge - INFO - [kw2] Queue=184, InProgress=0, PendingWorkers=0/2, Completed=0/184 (0.0%)
2025-11-17 17:58:47,836 - Knowledge - INFO - knowledge worker kw3 start
2025-11-17 17:58:47,837 - Knowledge - INFO - Worker kw4 created using shared MongoDB connection pool
2025-11-17 17:58:47,944 - Knowledge - INFO - Worker kw1 processing /app/data/kaviademo4200/40928/b5874os/Finance/portfolio_strategies/optimized_bollinger_bands.py
2025-11-17 17:58:48,065 - Knowledge - INFO - Batch sizing: calculated=12, max_allowed=25, queue=184, active_workers=1/3
2025-11-17 17:58:48,154 - Knowledge - INFO - [kw3] Queue=172, InProgress=0, PendingWorkers=1/3, Completed=0/184 (0.0%)
2025-11-17 17:58:48,241 - Knowledge - INFO - knowledge worker kw4 start
2025-11-17 17:58:48,241 - Knowledge - INFO - Worker kw5 created using shared MongoDB connection pool
2025-11-17 17:58:48,325 - Knowledge - INFO - Fast-tracked /app/data/kaviademo4200/40928/b5874os/Finance/portfolio_strategies/optimized_bollinger_bands.py (ext=.py, size=1496)
2025-11-17 17:58:48,445 - Knowledge - INFO - Worker kw2 processing /app/data/kaviademo4200/40928/b5874os/Finance/portfolio_strategies/geometric_brownian_motion.py
2025-11-17 17:58:48,554 - Knowledge - INFO - Batch sizing: calculated=12, max_allowed=25, queue=172, active_workers=2/4
2025-11-17 17:58:48,670 - Knowledge - INFO - [kw4] Queue=160, InProgress=0, PendingWorkers=2/4, Completed=0/184 (0.0%)
2025-11-17 17:58:48,753 - Knowledge - INFO - knowledge worker kw5 start
2025-11-17 17:58:48,753 - Knowledge - INFO - Worker kw6 created using shared MongoDB connection pool
2025-11-17 17:58:48,850 - Knowledge - INFO - Worker kw1 processing /app/data/kaviademo4200/40928/b5874os/Finance/portfolio_strategies/ls_dca_analysis.py
2025-11-17 17:58:48,954 - Knowledge - INFO - Worker kw2 processing /app/data/kaviademo4200/40928/b5874os/Finance/portfolio_strategies/optimal_portfolio.py
2025-11-17 17:58:49,074 - Knowledge - INFO - Worker kw3 processing /app/data/kaviademo4200/40928/b5874os/Finance/portfolio_strategies/rsi_trendline_strategy.py
2025-11-17 17:58:49,174 - Knowledge - INFO - Batch sizing: calculated=12, max_allowed=25, queue=160, active_workers=3/5
2025-11-17 17:58:49,298 - Knowledge - INFO - [kw5] Queue=148, InProgress=0, PendingWorkers=3/5, Completed=0/184 (0.0%)
2025-11-17 17:58:49,398 - Knowledge - INFO - knowledge worker kw6 start
2025-11-17 17:58:49,399 - Knowledge - INFO - Worker kw7 created using shared MongoDB connection pool
2025-11-17 17:58:49,488 - Knowledge - INFO - Worker kw1 processing /app/data/kaviademo4200/40928/b5874os/Finance/portfolio_strategies/portfolio_analysis.py
2025-11-17 17:58:49,578 - Knowledge - INFO - Worker kw2 processing /app/data/kaviademo4200/40928/b5874os/Finance/portfolio_strategies/moving_avg_strategy.py
2025-11-17 17:58:49,692 - Knowledge - INFO - Fast-tracked /app/data/kaviademo4200/40928/b5874os/Finance/portfolio_strategies/rsi_trendline_strategy.py (ext=.py, size=1956)
2025-11-17 17:58:49,806 - Knowledge - INFO - Worker kw4 processing /app/data/kaviademo4200/40928/b5874os/Finance/machine_learning/sp500_pca_analysis.py
2025-11-17 17:58:49,920 - Knowledge - INFO - Batch sizing: calculated=12, max_allowed=25, queue=148, active_workers=4/6
2025-11-17 17:58:50,027 - Knowledge - INFO - [kw6] Queue=136, InProgress=0, PendingWorkers=4/6, Completed=0/184 (0.0%)
2025-11-17 17:58:50,112 - Knowledge - INFO - knowledge worker kw7 start
2025-11-17 17:58:50,112 - Knowledge - INFO - Worker kw8 created using shared MongoDB connection pool
2025-11-17 17:58:50,235 - Knowledge - INFO - Worker kw1 processing /app/data/kaviademo4200/40928/b5874os/Finance/portfolio_strategies/rwb_strategy.py
2025-11-17 17:58:50,324 - Knowledge - INFO - Fast-tracked /app/data/kaviademo4200/40928/b5874os/Finance/portfolio_strategies/moving_avg_strategy.py (ext=.py, size=1180)
2025-11-17 17:58:50,438 - Knowledge - INFO - Worker kw3 processing /app/data/kaviademo4200/40928/b5874os/Finance/portfolio_strategies/robinhood_bot.py
2025-11-17 17:58:50,540 - Knowledge - INFO - Worker kw4 processing /app/data/kaviademo4200/40928/b5874os/Finance/machine_learning/ml_models_accuracy.py
2025-11-17 17:58:50,638 - Knowledge - INFO - Worker kw5 processing /app/data/kaviademo4200/40928/b5874os/Finance/technical_indicators/avg_true_range.py
2025-11-17 17:58:50,756 - Knowledge - INFO - Batch sizing: calculated=12, max_allowed=25, queue=136, active_workers=5/7
2025-11-17 17:58:50,842 - Knowledge - INFO - [kw7] Queue=124, InProgress=0, PendingWorkers=5/7, Completed=0/184 (0.0%)
2025-11-17 17:58:50,960 - Knowledge - INFO - knowledge worker kw8 start
2025-11-17 17:58:50,961 - Knowledge - INFO - Worker kw9 created using shared MongoDB connection pool
2025-11-17 17:58:51,075 - Knowledge - INFO - Worker kw1 processing /app/data/kaviademo4200/40928/b5874os/Finance/portfolio_strategies/best_moving_averages_analysis.py
2025-11-17 17:58:51,166 - Knowledge - INFO - Worker kw2 processing /app/data/kaviademo4200/40928/b5874os/Finance/portfolio_strategies/moving_average_crossover_signals.py
2025-11-17 17:58:51,267 - Knowledge - INFO - Worker kw3 processing /app/data/kaviademo4200/40928/b5874os/Finance/machine_learning/technical_indicators_clustering.py
2025-11-17 17:58:51,360 - Knowledge - INFO - Worker kw4 processing /app/data/kaviademo4200/40928/b5874os/Finance/machine_learning/sklearn_trading_bot.py
2025-11-17 17:58:51,451 - Knowledge - INFO - Worker kw5 processing /app/data/kaviademo4200/40928/b5874os/Finance/technical_indicators/stochastic_slow.py
2025-11-17 17:58:51,540 - Knowledge - INFO - Worker kw6 processing /app/data/kaviademo4200/40928/b5874os/Finance/technical_indicators/bollinger_bands.py
2025-11-17 17:58:51,631 - Knowledge - INFO - Batch sizing: calculated=12, max_allowed=25, queue=124, active_workers=6/8
2025-11-17 17:58:51,752 - Knowledge - INFO - [kw8] Queue=112, InProgress=0, PendingWorkers=6/8, Completed=0/184 (0.0%)
2025-11-17 17:58:51,841 - Knowledge - INFO - knowledge worker kw9 start
2025-11-17 17:58:51,841 - Knowledge - INFO - Worker kw10 created using shared MongoDB connection pool
2025-11-17 17:58:51,935 - Knowledge - INFO - Worker kw1 processing /app/data/kaviademo4200/40928/b5874os/Finance/portfolio_strategies/financial_signal_analysis.py
2025-11-17 17:58:52,016 - Knowledge - INFO - Worker kw2 processing /app/data/kaviademo4200/40928/b5874os/Finance/portfolio_strategies/pairs_trading.py
2025-11-17 17:58:52,134 - Knowledge - INFO - Worker kw3 processing /app/data/kaviademo4200/40928/b5874os/Finance/machine_learning/pca_kmeans_clustering.py
2025-11-17 17:58:52,249 - Knowledge - INFO - Worker kw4 processing /app/data/kaviademo4200/40928/b5874os/Finance/machine_learning/prophet_price_prediction.py
2025-11-17 17:58:52,342 - Knowledge - INFO - Worker kw5 processing /app/data/kaviademo4200/40928/b5874os/Finance/technical_indicators/acceleration_bands.py
2025-11-17 17:58:52,438 - Knowledge - INFO - Worker kw6 processing /app/data/kaviademo4200/40928/b5874os/Finance/technical_indicators/moving_avg_env.py
2025-11-17 17:58:52,510 - Knowledge - INFO - Worker kw7 processing /app/data/kaviademo4200/40928/b5874os/Finance/technical_indicators/EMA.py
2025-11-17 17:58:52,594 - Knowledge - INFO - Batch sizing: calculated=12, max_allowed=25, queue=112, active_workers=7/9
2025-11-17 17:58:52,704 - Knowledge - INFO - [kw9] Queue=100, InProgress=0, PendingWorkers=7/9, Completed=0/184 (0.0%)
2025-11-17 17:58:52,825 - Knowledge - INFO - knowledge worker kw10 start
2025-11-17 17:58:52,825 - Knowledge - INFO - Worker kw11 created using shared MongoDB connection pool
2025-11-17 17:58:52,922 - Knowledge - INFO - Worker kw1 processing /app/data/kaviademo4200/40928/b5874os/Finance/portfolio_strategies/risk_management.py
2025-11-17 17:58:53,043 - Knowledge - INFO - Worker kw2 processing /app/data/kaviademo4200/40928/b5874os/Finance/portfolio_strategies/long_hold_stats_analysis.py
2025-11-17 17:58:53,164 - Knowledge - INFO - Fast-tracked /app/data/kaviademo4200/40928/b5874os/Finance/machine_learning/pca_kmeans_clustering.py (ext=.py, size=1896)
2025-11-17 17:58:53,257 - Knowledge - INFO - Fast-tracked /app/data/kaviademo4200/40928/b5874os/Finance/machine_learning/prophet_price_prediction.py (ext=.py, size=967)
2025-11-17 17:58:53,369 - Knowledge - INFO - Fast-tracked /app/data/kaviademo4200/40928/b5874os/Finance/technical_indicators/acceleration_bands.py (ext=.py, size=1980)
2025-11-17 17:58:53,474 - Knowledge - INFO - Worker kw6 processing /app/data/kaviademo4200/40928/b5874os/Finance/technical_indicators/MACD.py
2025-11-17 17:58:53,572 - Knowledge - INFO - Fast-tracked /app/data/kaviademo4200/40928/b5874os/Finance/technical_indicators/EMA.py (ext=.py, size=1584)
2025-11-17 17:58:53,655 - Knowledge - INFO - Worker kw8 processing /app/data/kaviademo4200/40928/b5874os/Finance/technical_indicators/moving_average_envelopes.py
2025-11-17 17:58:53,753 - Knowledge - INFO - Batch sizing: calculated=10, max_allowed=25, queue=100, active_workers=8/10
2025-11-17 17:58:53,845 - Knowledge - INFO - [kw10] Queue=88, InProgress=0, PendingWorkers=8/10, Completed=0/184 (0.0%)
2025-11-17 17:58:53,948 - Knowledge - INFO - knowledge worker kw11 start
2025-11-17 17:58:53,948 - Knowledge - INFO - Worker kw12 created using shared MongoDB connection pool
2025-11-17 17:58:54,028 - Knowledge - INFO - Worker kw1 processing /app/data/kaviademo4200/40928/b5874os/Finance/portfolio_strategies/stock_spread_plotter.py
2025-11-17 17:58:54,145 - Knowledge - INFO - Fast-tracked /app/data/kaviademo4200/40928/b5874os/Finance/portfolio_strategies/long_hold_stats_analysis.py (ext=.py, size=1948)
2025-11-17 17:58:54,260 - Knowledge - INFO - Worker kw3 processing /app/data/kaviademo4200/40928/b5874os/Finance/machine_learning/deep_learning_bot.py
2025-11-17 17:58:54,384 - Knowledge - INFO - Worker kw4 processing /app/data/kaviademo4200/40928/b5874os/Finance/machine_learning/neural_network_prediction.py
2025-11-17 17:58:54,472 - Knowledge - INFO - Worker kw5 processing /app/data/kaviademo4200/40928/b5874os/Finance/technical_indicators/volume_weighted_moving_average.py
2025-11-17 17:58:54,562 - Knowledge - INFO - Worker kw6 processing /app/data/kaviademo4200/40928/b5874os/Finance/technical_indicators/WMA.py
2025-11-17 17:58:54,655 - Knowledge - INFO - Worker kw7 processing /app/data/kaviademo4200/40928/b5874os/Finance/technical_indicators/accum_dist_line.py
2025-11-17 17:58:54,755 - Knowledge - INFO - Worker kw8 processing /app/data/kaviademo4200/40928/b5874os/Finance/technical_indicators/PVT.py
2025-11-17 17:58:54,838 - Knowledge - INFO - Worker kw9 processing /app/data/kaviademo4200/40928/b5874os/Finance/technical_indicators/momentum.py
2025-11-17 17:58:54,958 - Knowledge - INFO - Batch sizing: calculated=10, max_allowed=25, queue=88, active_workers=9/11
2025-11-17 17:58:55,036 - Knowledge - INFO - [kw11] Queue=78, InProgress=0, PendingWorkers=9/11, Completed=0/184 (0.0%)
2025-11-17 17:58:55,114 - Knowledge - INFO - knowledge worker kw12 start
2025-11-17 17:58:55,114 - Knowledge - INFO - Worker kw13 created using shared MongoDB connection pool
2025-11-17 17:58:55,220 - Knowledge - INFO - Fast-tracked /app/data/kaviademo4200/40928/b5874os/Finance/portfolio_strategies/stock_spread_plotter.py (ext=.py, size=1727)
2025-11-17 17:58:55,312 - Knowledge - INFO - Worker kw2 processing /app/data/kaviademo4200/40928/b5874os/Finance/portfolio_strategies/portfolio_var_simulation.py
2025-11-17 17:58:55,402 - Knowledge - INFO - Worker kw3 processing /app/data/kaviademo4200/40928/b5874os/Finance/machine_learning/stocker_price_prediction.py
2025-11-17 17:58:55,524 - Knowledge - INFO - Fast-tracked /app/data/kaviademo4200/40928/b5874os/Finance/machine_learning/neural_network_prediction.py (ext=.py, size=1849)
2025-11-17 17:58:55,605 - Knowledge - INFO - Worker kw5 processing /app/data/kaviademo4200/40928/b5874os/Finance/technical_indicators/SMA.py
2025-11-17 17:58:55,697 - Knowledge - INFO - Worker kw6 processing /app/data/kaviademo4200/40928/b5874os/Finance/technical_indicators/chaikin_money_flow.py
2025-11-17 17:58:55,797 - Knowledge - INFO - Worker kw7 processing /app/data/kaviademo4200/40928/b5874os/Finance/technical_indicators/keltners_channels.py
2025-11-17 17:58:55,909 - Knowledge - INFO - Fast-tracked /app/data/kaviademo4200/40928/b5874os/Finance/technical_indicators/PVT.py (ext=.py, size=1928)
2025-11-17 17:58:56,021 - Knowledge - INFO - Fast-tracked /app/data/kaviademo4200/40928/b5874os/Finance/technical_indicators/momentum.py (ext=.py, size=1868)
2025-11-17 17:58:56,108 - Knowledge - INFO - Worker kw10 processing /app/data/kaviademo4200/40928/b5874os/Finance/technical_indicators/hull_moving_average.py
2025-11-17 17:58:56,196 - Knowledge - INFO - Batch sizing: calculated=10, max_allowed=25, queue=78, active_workers=10/12
2025-11-17 17:58:56,296 - Knowledge - INFO - [kw12] Queue=68, InProgress=0, PendingWorkers=10/12, Completed=0/184 (0.0%)
2025-11-17 17:58:56,379 - Knowledge - INFO - knowledge worker kw13 start
2025-11-17 17:58:56,379 - Knowledge - INFO - Worker kw14 created using shared MongoDB connection pool
2025-11-17 17:58:56,504 - Knowledge - INFO - Worker kw1 processing /app/data/kaviademo4200/40928/b5874os/Finance/portfolio_strategies/backtest_strategies.py
2025-11-17 17:58:56,617 - Knowledge - INFO - Worker kw2 processing /app/data/kaviademo4200/40928/b5874os/Finance/portfolio_strategies/ema_crossover_strategy.py
2025-11-17 17:58:56,733 - Knowledge - INFO - Worker kw3 processing /app/data/kaviademo4200/40928/b5874os/Finance/machine_learning/stock_probabilistic_analysis.py
2025-11-17 17:58:56,853 - Knowledge - INFO - Worker kw4 processing /app/data/kaviademo4200/40928/b5874os/Finance/machine_learning/lstm_prediction.py
2025-11-17 17:58:56,938 - Knowledge - INFO - Fast-tracked /app/data/kaviademo4200/40928/b5874os/Finance/technical_indicators/SMA.py (ext=.py, size=1522)
2025-11-17 17:58:57,019 - Knowledge - INFO - Worker kw6 processing /app/data/kaviademo4200/40928/b5874os/Finance/technical_indicators/pivot_point.py
2025-11-17 17:58:57,120 - Knowledge - INFO - Worker kw7 processing /app/data/kaviademo4200/40928/b5874os/Finance/technical_indicators/standard_deviation_volatility.py
2025-11-17 17:58:57,226 - Knowledge - INFO - Worker kw8 processing /app/data/kaviademo4200/40928/b5874os/Finance/technical_indicators/aroon_oscillator.py
2025-11-17 17:58:57,339 - Knowledge - INFO - Worker kw9 processing /app/data/kaviademo4200/40928/b5874os/Finance/technical_indicators/stochastic_fast.py
2025-11-17 17:58:57,417 - Knowledge - INFO - Worker kw10 processing /app/data/kaviademo4200/40928/b5874os/Finance/technical_indicators/balance_of_power.py
2025-11-17 17:58:57,542 - Knowledge - INFO - Worker kw11 processing /app/data/kaviademo4200/40928/b5874os/Finance/technical_indicators/smoothed_moving_average.py
2025-11-17 17:58:57,664 - Knowledge - INFO - Batch sizing: calculated=10, max_allowed=25, queue=68, active_workers=11/13
2025-11-17 17:58:57,774 - Knowledge - INFO - [kw13] Queue=58, InProgress=0, PendingWorkers=11/13, Completed=0/184 (0.0%)
2025-11-17 17:58:57,856 - Knowledge - INFO - knowledge worker kw14 start
2025-11-17 17:58:57,856 - Knowledge - INFO - Worker kw15 created using shared MongoDB connection pool
2025-11-17 17:58:57,975 - Knowledge - INFO - Worker kw1 processing /app/data/kaviademo4200/40928/b5874os/Finance/portfolio_strategies/sma_trading_strategy.py
2025-11-17 17:58:58,101 - Knowledge - INFO - Worker kw2 processing /app/data/kaviademo4200/40928/b5874os/Finance/portfolio_strategies/factor_analysis.py
2025-11-17 17:58:58,197 - Knowledge - INFO - Worker kw3 processing /app/data/kaviademo4200/40928/b5874os/Finance/machine_learning/stock_regression_analysis.py
2025-11-17 17:58:58,281 - Knowledge - INFO - Worker kw4 processing /app/data/kaviademo4200/40928/b5874os/Finance/ta_functions.py
2025-11-17 17:58:58,408 - Knowledge - INFO - Worker kw5 processing /app/data/kaviademo4200/40928/b5874os/Finance/technical_indicators/Z_Score_Indicator.py
2025-11-17 17:58:58,501 - Knowledge - INFO - Worker kw6 processing /app/data/kaviademo4200/40928/b5874os/Finance/technical_indicators/super_trend.py
2025-11-17 17:58:58,582 - Knowledge - INFO - Fast-tracked /app/data/kaviademo4200/40928/b5874os/Finance/technical_indicators/standard_deviation_volatility.py (ext=.py, size=1844)
2025-11-17 17:58:58,710 - Knowledge - INFO - Worker kw8 processing /app/data/kaviademo4200/40928/b5874os/Finance/technical_indicators/moving_average_high_low.py
2025-11-17 17:58:58,789 - Knowledge - INFO - Worker kw9 processing /app/data/kaviademo4200/40928/b5874os/Finance/technical_indicators/stochastic_RSI.py
2025-11-17 17:58:58,891 - Knowledge - INFO - Worker kw10 processing /app/data/kaviademo4200/40928/b5874os/Finance/technical_indicators/mcclellan_oscillator.py
2025-11-17 17:58:59,020 - Knowledge - INFO - Fast-tracked /app/data/kaviademo4200/40928/b5874os/Finance/technical_indicators/smoothed_moving_average.py (ext=.py, size=1962)
2025-11-17 17:58:59,111 - Knowledge - INFO - Worker kw12 processing /app/data/kaviademo4200/40928/b5874os/Finance/technical_indicators/beta_indicator.py
2025-11-17 17:58:59,240 - Knowledge - INFO - Batch sizing: calculated=10, max_allowed=25, queue=58, active_workers=12/14
2025-11-17 17:58:59,365 - Knowledge - INFO - [kw14] Queue=48, InProgress=0, PendingWorkers=12/14, Completed=0/184 (0.0%)
2025-11-17 17:58:59,442 - Knowledge - INFO - knowledge worker kw15 start
2025-11-17 17:58:59,442 - Knowledge - INFO - Worker kw16 created using shared MongoDB connection pool
2025-11-17 17:58:59,535 - Knowledge - INFO - Worker kw1 processing /app/data/kaviademo4200/40928/b5874os/Finance/portfolio_strategies/monte_carlo.py
2025-11-17 17:58:59,638 - Knowledge - INFO - Fast-tracked /app/data/kaviademo4200/40928/b5874os/Finance/portfolio_strategies/factor_analysis.py (ext=.py, size=1820)
2025-11-17 17:58:59,765 - Knowledge - INFO - Fast-tracked /app/data/kaviademo4200/40928/b5874os/Finance/machine_learning/stock_regression_analysis.py (ext=.py, size=1513)
2025-11-17 17:58:59,853 - Knowledge - INFO - Worker kw4 processing /app/data/kaviademo4200/40928/b5874os/Finance/tickers.py
2025-11-17 17:58:59,943 - Knowledge - INFO - Fast-tracked /app/data/kaviademo4200/40928/b5874os/Finance/technical_indicators/Z_Score_Indicator.py (ext=.py, size=1846)
2025-11-17 17:59:00,037 - Knowledge - INFO - Worker kw6 processing /app/data/kaviademo4200/40928/b5874os/Finance/technical_indicators/linear_regression.py
2025-11-17 17:59:00,121 - Knowledge - INFO - Worker kw7 processing /app/data/kaviademo4200/40928/b5874os/Finance/technical_indicators/RSI_BollingerBands.py
2025-11-17 17:59:00,232 - Knowledge - INFO - Worker kw8 processing /app/data/kaviademo4200/40928/b5874os/Finance/technical_indicators/ROI.py
2025-11-17 17:59:00,311 - Knowledge - INFO - Worker kw9 processing /app/data/kaviademo4200/40928/b5874os/Finance/technical_indicators/VWAP.py
2025-11-17 17:59:00,390 - Knowledge - INFO - Worker kw10 processing /app/data/kaviademo4200/40928/b5874os/Finance/technical_indicators/force_index.py
2025-11-17 17:59:00,508 - Knowledge - INFO - Worker kw11 processing /app/data/kaviademo4200/40928/b5874os/Finance/technical_indicators/high_minus_low.py
2025-11-17 17:59:00,591 - Knowledge - INFO - Worker kw12 processing /app/data/kaviademo4200/40928/b5874os/Finance/stock_data/finviz_news_scraper.py
2025-11-17 17:59:00,676 - Knowledge - INFO - Worker kw13 processing /app/data/kaviademo4200/40928/b5874os/Finance/stock_data/get_dividend_calendar.py
2025-11-17 17:59:00,806 - Knowledge - INFO - Batch sizing: calculated=10, max_allowed=25, queue=48, active_workers=13/15
2025-11-17 17:59:00,916 - Knowledge - INFO - [kw15] Queue=38, InProgress=0, PendingWorkers=13/15, Completed=0/184 (0.0%)
2025-11-17 17:59:01,012 - Knowledge - INFO - knowledge worker kw16 start
2025-11-17 17:59:01,012 - Knowledge - INFO - Worker kw17 created using shared MongoDB connection pool
2025-11-17 17:59:01,095 - Knowledge - INFO - Worker kw1 processing /app/data/kaviademo4200/40928/b5874os/Finance/portfolio_strategies/backtrader_backtest.py
2025-11-17 17:59:01,209 - Knowledge - INFO - Worker kw2 processing /app/data/kaviademo4200/40928/b5874os/Finance/portfolio_strategies/astral_timing_signals.py
2025-11-17 17:59:01,286 - Knowledge - INFO - Worker kw3 processing /app/data/kaviademo4200/40928/b5874os/Finance/machine_learning/etf_graphical_lasso.py
2025-11-17 17:59:01,402 - Knowledge - INFO - Fast-tracked /app/data/kaviademo4200/40928/b5874os/Finance/tickers.py (ext=.py, size=1808)
2025-11-17 17:59:01,523 - Knowledge - INFO - Worker kw5 processing /app/data/kaviademo4200/40928/b5874os/Finance/technical_indicators/dynamic_momentum_index.py
2025-11-17 17:59:01,622 - Knowledge - INFO - Worker kw6 processing /app/data/kaviademo4200/40928/b5874os/Finance/technical_indicators/covariance.py
2025-11-17 17:59:01,709 - Knowledge - INFO - Worker kw7 processing /app/data/kaviademo4200/40928/b5874os/Finance/technical_indicators/aroon.py
2025-11-17 17:59:01,824 - Knowledge - INFO - Fast-tracked /app/data/kaviademo4200/40928/b5874os/Finance/technical_indicators/ROI.py (ext=.py, size=1974)
2025-11-17 17:59:01,926 - Knowledge - INFO - Fast-tracked /app/data/kaviademo4200/40928/b5874os/Finance/technical_indicators/VWAP.py (ext=.py, size=1671)
2025-11-17 17:59:02,010 - Knowledge - INFO - Worker kw10 processing /app/data/kaviademo4200/40928/b5874os/Finance/technical_indicators/breadth_indicator.py
2025-11-17 17:59:02,127 - Knowledge - INFO - Fast-tracked /app/data/kaviademo4200/40928/b5874os/Finance/technical_indicators/high_minus_low.py (ext=.py, size=1772)
2025-11-17 17:59:02,250 - Knowledge - INFO - Fast-tracked /app/data/kaviademo4200/40928/b5874os/Finance/stock_data/finviz_news_scraper.py (ext=.py, size=1109)
2025-11-17 17:59:02,369 - Knowledge - INFO - Worker kw13 processing /app/data/kaviademo4200/40928/b5874os/Finance/stock_data/green_line_test.py
2025-11-17 17:59:02,455 - Knowledge - INFO - Worker kw14 processing /app/data/kaviademo4200/40928/b5874os/Finance/stock_data/fundamental_ratios.py
2025-11-17 17:59:02,556 - Knowledge - INFO - Batch sizing: calculated=10, max_allowed=25, queue=38, active_workers=14/16
2025-11-17 17:59:02,653 - Knowledge - INFO - [kw16] Queue=28, InProgress=0, PendingWorkers=14/16, Completed=0/184 (0.0%)
2025-11-17 17:59:02,765 - Knowledge - INFO - knowledge worker kw17 start
2025-11-17 17:59:02,765 - Knowledge - INFO - Worker kw18 created using shared MongoDB connection pool
2025-11-17 17:59:02,860 - Knowledge - INFO - Fast-tracked /app/data/kaviademo4200/40928/b5874os/Finance/portfolio_strategies/ls_dca_analysis.py (small file (2291 bytes))
2025-11-17 17:59:02,962 - Knowledge - INFO - Fast-tracked /app/data/kaviademo4200/40928/b5874os/Finance/portfolio_strategies/astral_timing_signals.py (ext=.py, size=1558)
2025-11-17 17:59:03,074 - Knowledge - INFO - Worker kw3 processing /app/data/kaviademo4200/40928/b5874os/Finance/machine_learning/arima_time_series.py
2025-11-17 17:59:03,148 - Knowledge - INFO - Worker kw4 processing /app/data/kaviademo4200/40928/b5874os/Finance/requirements.txt
2025-11-17 17:59:03,257 - Knowledge - INFO - Fast-tracked /app/data/kaviademo4200/40928/b5874os/Finance/technical_indicators/dynamic_momentum_index.py (ext=.py, size=1877)
2025-11-17 17:59:03,362 - Knowledge - INFO - Fast-tracked /app/data/kaviademo4200/40928/b5874os/Finance/technical_indicators/covariance.py (ext=.py, size=1968)
2025-11-17 17:59:03,486 - Knowledge - INFO - Worker kw7 processing /app/data/kaviademo4200/40928/b5874os/Finance/technical_indicators/PVI.py
2025-11-17 17:59:03,595 - Knowledge - INFO - Worker kw8 processing /app/data/kaviademo4200/40928/b5874os/Finance/technical_indicators/geometric_return_indicator.py
2025-11-17 17:59:03,727 - Knowledge - INFO - Worker kw9 processing /app/data/kaviademo4200/40928/b5874os/Finance/technical_indicators/price_relative.py
2025-11-17 17:59:03,808 - Knowledge - INFO - Worker kw10 processing /app/data/kaviademo4200/40928/b5874os/Finance/technical_indicators/TWAP.py
2025-11-17 17:59:03,903 - Knowledge - INFO - Worker kw11 processing /app/data/kaviademo4200/40928/b5874os/Finance/technical_indicators/MFI.py
2025-11-17 17:59:03,997 - Knowledge - INFO - Worker kw12 processing /app/data/kaviademo4200/40928/b5874os/Finance/stock_data/stock_VWAP.py
2025-11-17 17:59:04,115 - Knowledge - INFO - Worker kw13 processing /app/data/kaviademo4200/40928/b5874os/Finance/stock_data/autoscraper_finviz_data.py
2025-11-17 17:59:04,190 - Knowledge - INFO - Fast-tracked /app/data/kaviademo4200/40928/b5874os/Finance/stock_data/fundamental_ratios.py (ext=.py, size=1363)
2025-11-17 17:59:04,294 - Knowledge - INFO - Worker kw15 processing /app/data/kaviademo4200/40928/b5874os/Finance/find_stocks/correlated_stocks.py
2025-11-17 17:59:04,406 - Knowledge - INFO - Batch sizing: calculated=10, max_allowed=25, queue=28, active_workers=15/17
2025-11-17 17:59:04,519 - Knowledge - INFO - [kw17] Queue=18, InProgress=0, PendingWorkers=15/17, Completed=0/184 (0.0%)
2025-11-17 17:59:04,602 - Knowledge - INFO - knowledge worker kw18 start
2025-11-17 17:59:04,602 - Knowledge - INFO - Worker kw19 created using shared MongoDB connection pool
2025-11-17 17:59:04,697 - Knowledge - INFO - Fast-tracked /app/data/kaviademo4200/40928/b5874os/Finance/portfolio_strategies/portfolio_analysis.py (small file (2483 bytes))
2025-11-17 17:59:04,798 - Knowledge - INFO - Worker kw2 processing /app/data/kaviademo4200/40928/b5874os/Finance/portfolio_strategies/support_resistance_finder.py
2025-11-17 17:59:04,891 - Knowledge - INFO - Worker kw3 processing /app/data/kaviademo4200/40928/b5874os/Finance/machine_learning/kmeans_clustering.py
2025-11-17 17:59:04,999 - Knowledge - INFO - Fast-tracked /app/data/kaviademo4200/40928/b5874os/Finance/requirements.txt (ext=.txt, size=834)
2025-11-17 17:59:05,085 - Knowledge - INFO - Worker kw5 processing /app/data/kaviademo4200/40928/b5874os/Finance/technical_indicators/TRIMA.py
2025-11-17 17:59:05,180 - Knowledge - INFO - Worker kw6 processing /app/data/kaviademo4200/40928/b5874os/Finance/technical_indicators/speed_resistance_lines.py
2025-11-17 17:59:05,268 - Knowledge - INFO - Worker kw7 processing /app/data/kaviademo4200/40928/b5874os/Finance/technical_indicators/golden_death_cross.py
2025-11-17 17:59:05,360 - Knowledge - INFO - Worker kw8 processing /app/data/kaviademo4200/40928/b5874os/Finance/technical_indicators/EMA_volume.py
2025-11-17 17:59:05,489 - Knowledge - INFO - Worker kw9 processing /app/data/kaviademo4200/40928/b5874os/Finance/technical_indicators/volume_price_confirmation_Indicator.py
2025-11-17 17:59:05,592 - Knowledge - INFO - Worker kw10 processing /app/data/kaviademo4200/40928/b5874os/Finance/technical_indicators/ease_of_movement.py
2025-11-17 17:59:05,678 - Knowledge - INFO - Worker kw11 processing /app/data/kaviademo4200/40928/b5874os/Finance/technical_indicators/EWMA_Double.py
2025-11-17 17:59:05,804 - Knowledge - INFO - Worker kw12 processing /app/data/kaviademo4200/40928/b5874os/Finance/stock_data/stock_twilio_server.py
2025-11-17 17:59:05,908 - Knowledge - INFO - Fast-tracked /app/data/kaviademo4200/40928/b5874os/Finance/stock_data/autoscraper_finviz_data.py (ext=.py, size=1036)
2025-11-17 17:59:05,988 - Knowledge - INFO - Worker kw14 processing /app/data/kaviademo4200/40928/b5874os/Finance/stock_data/main_indicators_streamlit.py
2025-11-17 17:59:06,086 - Knowledge - INFO - Worker kw15 processing /app/data/kaviademo4200/40928/b5874os/Finance/find_stocks/yahoo_recommendations.py
2025-11-17 17:59:06,195 - Knowledge - INFO - Worker kw16 processing /app/data/kaviademo4200/40928/b5874os/Finance/stock_analysis/stock_pivot_resistance.py
2025-11-17 17:59:06,272 - Knowledge - INFO - Batch sizing: calculated=10, max_allowed=25, queue=18, active_workers=16/18
2025-11-17 17:59:06,392 - Knowledge - INFO - [kw18] Queue=8, InProgress=0, PendingWorkers=16/18, Completed=0/184 (0.0%)
2025-11-17 17:59:06,489 - Knowledge - INFO - knowledge worker kw19 start
2025-11-17 17:59:06,489 - Knowledge - INFO - Worker kw20 created using shared MongoDB connection pool
2025-11-17 17:59:06,609 - Knowledge - INFO - Fast-tracked /app/data/kaviademo4200/40928/b5874os/Finance/portfolio_strategies/rwb_strategy.py (small file (2124 bytes))
2025-11-17 17:59:06,714 - Knowledge - INFO - Fast-tracked /app/data/kaviademo4200/40928/b5874os/Finance/portfolio_strategies/support_resistance_finder.py (ext=.py, size=1908)
2025-11-17 17:59:06,795 - Knowledge - INFO - Fast-tracked /app/data/kaviademo4200/40928/b5874os/Finance/machine_learning/kmeans_clustering.py (ext=.py, size=1481)
2025-11-17 17:59:06,920 - Knowledge - INFO - Worker kw4 processing /app/data/kaviademo4200/40928/b5874os/Finance/technical_indicators/realised_volatility.py
2025-11-17 17:59:07,000 - Knowledge - INFO - Worker kw5 processing /app/data/kaviademo4200/40928/b5874os/Finance/technical_indicators/linear_regression_slope.py
2025-11-17 17:59:07,078 - Knowledge - INFO - Worker kw6 processing /app/data/kaviademo4200/40928/b5874os/Finance/technical_indicators/relative_volatility_index.py
2025-11-17 17:59:07,169 - Knowledge - INFO - Worker kw7 processing /app/data/kaviademo4200/40928/b5874os/Finance/technical_indicators/GANN_lines_angles.py
2025-11-17 17:59:07,280 - Knowledge - INFO - Fast-tracked /app/data/kaviademo4200/40928/b5874os/Finance/technical_indicators/EMA_volume.py (ext=.py, size=1835)
2025-11-17 17:59:07,378 - Knowledge - INFO - Worker kw9 processing /app/data/kaviademo4200/40928/b5874os/Finance/technical_indicators/RSI.py
2025-11-17 17:59:07,478 - Knowledge - INFO - Worker kw10 processing /app/data/kaviademo4200/40928/b5874os/Finance/technical_indicators/donchain_channel.py
2025-11-17 17:59:07,565 - Knowledge - INFO - Worker kw11 processing /app/data/kaviademo4200/40928/b5874os/Finance/technical_indicators/ROC.py
2025-11-17 17:59:07,652 - Knowledge - INFO - Worker kw12 processing /app/data/kaviademo4200/40928/b5874os/Finance/stock_data/finviz_home_scraper.py
2025-11-17 17:59:07,773 - Knowledge - INFO - Worker kw13 processing /app/data/kaviademo4200/40928/b5874os/Finance/stock_data/fibonacci_retracement.py
2025-11-17 17:59:07,852 - Knowledge - INFO - Worker kw14 processing /app/data/kaviademo4200/40928/b5874os/Finance/stock_data/finviz_stock_scraper.py
2025-11-17 17:59:07,940 - Knowledge - INFO - Fast-tracked /app/data/kaviademo4200/40928/b5874os/Finance/find_stocks/yahoo_recommendations.py (ext=.py, size=1385)
2025-11-17 17:59:08,035 - Knowledge - INFO - Fast-tracked /app/data/kaviademo4200/40928/b5874os/Finance/stock_analysis/stock_pivot_resistance.py (ext=.py, size=1993)
2025-11-17 17:59:08,164 - Knowledge - INFO - Worker kw17 processing /app/data/kaviademo4200/40928/b5874os/Finance/stock_analysis/sp500_cot_sentiment_analysis.py
2025-11-17 17:59:08,291 - Knowledge - INFO - Batch sizing: calculated=8, max_allowed=25, queue=8, active_workers=17/19
2025-11-17 17:59:08,474 - Knowledge - INFO - knowledge worker kw20 start
2025-11-17 17:59:08,605 - Knowledge - INFO - Fast-tracked /app/data/kaviademo4200/40928/b5874os/Finance/portfolio_strategies/best_moving_averages_analysis.py (small file (2895 bytes))
2025-11-17 17:59:08,706 - Knowledge - INFO - Worker kw2 processing /app/data/kaviademo4200/40928/b5874os/Finance/portfolio_strategies/portfolio_optimization.py
2025-11-17 17:59:08,803 - Knowledge - INFO - Worker kw3 processing /app/data/kaviademo4200/40928/b5874os/Finance/machine_learning/quantitative_indicators_prediction.py
2025-11-17 17:59:08,947 - Knowledge - INFO - Fast-tracked /app/data/kaviademo4200/40928/b5874os/Finance/technical_indicators/realised_volatility.py (ext=.py, size=1960)
2025-11-17 17:59:09,077 - Knowledge - INFO - Worker kw5 processing /app/data/kaviademo4200/40928/b5874os/Finance/technical_indicators/variance_indicator.py
2025-11-17 17:59:09,215 - Knowledge - INFO - Worker kw6 processing /app/data/kaviademo4200/40928/b5874os/Finance/technical_indicators/double_exp_moving_avg.py
2025-11-17 17:59:09,298 - Knowledge - INFO - Worker kw7 processing /app/data/kaviademo4200/40928/b5874os/Finance/technical_indicators/stochastic_full.py
2025-11-17 17:59:09,403 - Knowledge - INFO - Worker kw8 processing /app/data/kaviademo4200/40928/b5874os/Finance/technical_indicators/central_pivot_range_cpr.py
2025-11-17 17:59:09,546 - Knowledge - INFO - Worker kw9 processing /app/data/kaviademo4200/40928/b5874os/Finance/technical_indicators/price_channels.py
2025-11-17 17:59:09,629 - Knowledge - INFO - Worker kw10 processing /app/data/kaviademo4200/40928/b5874os/Finance/technical_indicators/detrended_price_oscillator.py
2025-11-17 17:59:09,781 - Knowledge - INFO - Worker kw11 processing /app/data/kaviademo4200/40928/b5874os/Finance/technical_indicators/linear_weighted_moving_average.py
2025-11-17 17:59:09,913 - Knowledge - INFO - Worker kw12 processing /app/data/kaviademo4200/40928/b5874os/Finance/stock_data/finviz_insider_trades.py
2025-11-17 17:59:10,040 - Knowledge - INFO - Fast-tracked /app/data/kaviademo4200/40928/b5874os/Finance/stock_data/fibonacci_retracement.py (ext=.py, size=1481)
2025-11-17 17:59:10,170 - Knowledge - INFO - Worker kw14 processing /app/data/kaviademo4200/40928/b5874os/Finance/stock_data/dividend_history.py
2025-11-17 17:59:10,258 - Knowledge - INFO - Worker kw15 processing /app/data/kaviademo4200/40928/b5874os/Finance/find_stocks/minervini_screener.py
2025-11-17 17:59:10,416 - Knowledge - INFO - Worker kw16 processing /app/data/kaviademo4200/40928/b5874os/Finance/stock_analysis/earnings_call_sentiment_analysis.py
2025-11-17 17:59:10,556 - Knowledge - INFO - Worker kw17 processing /app/data/kaviademo4200/40928/b5874os/Finance/stock_analysis/twitter_sentiment_analysis.py
2025-11-17 17:59:10,862 - Knowledge - INFO - Fast-tracked /app/data/kaviademo4200/40928/b5874os/Finance/portfolio_strategies/financial_signal_analysis.py (small file (2350 bytes))
2025-11-17 17:59:10,972 - Knowledge - INFO - Fast-tracked /app/data/kaviademo4200/40928/b5874os/Finance/portfolio_strategies/geometric_brownian_motion.py (small file (2365 bytes))
2025-11-17 17:59:11,052 - Knowledge - INFO - Fast-tracked /app/data/kaviademo4200/40928/b5874os/Finance/portfolio_strategies/robinhood_bot.py (small file (2166 bytes))
2025-11-17 17:59:11,133 - Knowledge - INFO - Worker kw4 processing /app/data/kaviademo4200/40928/b5874os/Finance/technical_indicators/new_highs_new_lows.py
2025-11-17 17:59:11,208 - Knowledge - INFO - Fast-tracked /app/data/kaviademo4200/40928/b5874os/Finance/technical_indicators/variance_indicator.py (ext=.py, size=1838)
2025-11-17 17:59:11,302 - Knowledge - INFO - Fast-tracked /app/data/kaviademo4200/40928/b5874os/Finance/technical_indicators/bollinger_bands.py (small file (2761 bytes))
2025-11-17 17:59:11,423 - Knowledge - INFO - Worker kw7 processing /app/data/kaviademo4200/40928/b5874os/Finance/technical_indicators/EWMA.py
2025-11-17 17:59:11,541 - Knowledge - INFO - Fast-tracked /app/data/kaviademo4200/40928/b5874os/Finance/technical_indicators/central_pivot_range_cpr.py (ext=.py, size=1807)
2025-11-17 17:59:11,632 - Knowledge - INFO - Worker kw9 processing /app/data/kaviademo4200/40928/b5874os/Finance/technical_indicators/MA_high_low.py
2025-11-17 17:59:11,731 - Knowledge - INFO - Fast-tracked /app/data/kaviademo4200/40928/b5874os/Finance/technical_indicators/detrended_price_oscillator.py (ext=.py, size=1801)
2025-11-17 17:59:11,885 - Knowledge - INFO - Worker kw11 processing /app/data/kaviademo4200/40928/b5874os/Finance/technical_indicators/commodity_channel_index.py
2025-11-17 17:59:11,958 - Knowledge - INFO - Fast-tracked /app/data/kaviademo4200/40928/b5874os/Finance/stock_data/finviz_insider_trades.py (ext=.py, size=1580)
2025-11-17 17:59:12,059 - Knowledge - INFO - Worker kw13 processing /app/data/kaviademo4200/40928/b5874os/Finance/stock_data/send_top_movers.py
2025-11-17 17:59:12,192 - Knowledge - INFO - Worker kw14 processing /app/data/kaviademo4200/40928/b5874os/Finance/stock_data/tradingview_intraday_data.py
2025-11-17 17:59:12,305 - Knowledge - INFO - Worker kw15 processing /app/data/kaviademo4200/40928/b5874os/Finance/find_stocks/IBD_RS_Rating.py
2025-11-17 17:59:12,407 - Knowledge - INFO - Worker kw16 processing /app/data/kaviademo4200/40928/b5874os/Finance/stock_analysis/risk_vs_returns.py
2025-11-17 17:59:12,496 - Knowledge - INFO - Worker kw17 processing /app/data/kaviademo4200/40928/b5874os/Finance/stock_analysis/seasonal_stock_analysis.py
2025-11-17 17:59:12,595 - Knowledge - INFO - Fast-tracked /app/data/kaviademo4200/40928/b5874os/Finance/portfolio_strategies/risk_management.py (small file (2473 bytes))
2025-11-17 17:59:12,721 - Knowledge - INFO - Fast-tracked /app/data/kaviademo4200/40928/b5874os/Finance/portfolio_strategies/optimal_portfolio.py (small file (2212 bytes))
2025-11-17 17:59:12,884 - Knowledge - INFO - Worker kw4 processing /app/data/kaviademo4200/40928/b5874os/Finance/technical_indicators/EWMA_Triple.py
2025-11-17 17:59:12,996 - Knowledge - INFO - Worker kw5 processing /app/data/kaviademo4200/40928/b5874os/Finance/technical_indicators/moving_average_ribbon.py
2025-11-17 17:59:13,095 - Knowledge - INFO - Fast-tracked /app/data/kaviademo4200/40928/b5874os/Finance/technical_indicators/moving_avg_env.py (small file (2023 bytes))
2025-11-17 17:59:13,206 - Knowledge - INFO - Worker kw7 processing /app/data/kaviademo4200/40928/b5874os/Finance/technical_indicators/moving_linear_regression.py
2025-11-17 17:59:13,300 - Knowledge - INFO - Worker kw8 processing /app/data/kaviademo4200/40928/b5874os/Finance/technical_indicators/avg_directional_index.py
2025-11-17 17:59:13,404 - Knowledge - INFO - Fast-tracked /app/data/kaviademo4200/40928/b5874os/Finance/technical_indicators/MA_high_low.py (ext=.py, size=1645)
2025-11-17 17:59:13,523 - Knowledge - INFO - Worker kw10 processing /app/data/kaviademo4200/40928/b5874os/Finance/technical_indicators/absolute_price_oscillator.py
2025-11-17 17:59:13,625 - Knowledge - INFO - Worker kw11 processing /app/data/kaviademo4200/40928/b5874os/Finance/technical_indicators/correlation_coeff.py
2025-11-17 17:59:13,709 - Knowledge - INFO - Worker kw12 processing /app/data/kaviademo4200/40928/b5874os/Finance/stock_data/reddit_scraper.py
2025-11-17 17:59:13,831 - Knowledge - INFO - Worker kw13 processing /app/data/kaviademo4200/40928/b5874os/Finance/stock_data/stock_earnings.py
2025-11-17 17:59:13,947 - Knowledge - INFO - Worker kw14 processing /app/data/kaviademo4200/40928/b5874os/Finance/README.md
2025-11-17 17:59:14,031 - Knowledge - INFO - Worker kw15 processing /app/data/kaviademo4200/40928/b5874os/Finance/find_stocks/green_line_values.py
2025-11-17 17:59:14,147 - Knowledge - INFO - Worker kw16 processing /app/data/kaviademo4200/40928/b5874os/Finance/stock_analysis/kelly_criterion.py
2025-11-17 17:59:14,246 - Knowledge - INFO - Worker kw17 processing /app/data/kaviademo4200/40928/b5874os/Finance/stock_analysis/var_analysis.py
2025-11-17 17:59:14,429 - Knowledge - INFO - Fast-tracked /app/data/kaviademo4200/40928/b5874os/Finance/portfolio_strategies/moving_average_crossover_signals.py (small file (2225 bytes))
2025-11-17 17:59:14,557 - Knowledge - INFO - Fast-tracked /app/data/kaviademo4200/40928/b5874os/Finance/machine_learning/sp500_pca_analysis.py (small file (2408 bytes))
2025-11-17 17:59:14,658 - Knowledge - INFO - Worker kw5 processing /app/data/kaviademo4200/40928/b5874os/Finance/technical_indicators/true_strength_index.py
2025-11-17 17:59:14,887 - Knowledge - INFO - Fast-tracked /app/data/kaviademo4200/40928/b5874os/Finance/technical_indicators/accum_dist_line.py (small file (2442 bytes))
2025-11-17 17:59:14,987 - Knowledge - INFO - Worker kw8 processing /app/data/kaviademo4200/40928/b5874os/Finance/technical_indicators/GMMA.py
2025-11-17 17:59:15,109 - Knowledge - INFO - Worker kw9 processing /app/data/kaviademo4200/40928/b5874os/Finance/technical_indicators/candle_abs_returns.py
2025-11-17 17:59:15,124 - Knowledge - INFO - Fast-tracked /app/data/kaviademo4200/40928/b5874os/Finance/machine_learning/stocker_price_prediction.py (small file (2572 bytes))
2025-11-17 17:59:15,193 - Knowledge - INFO - Fast-tracked /app/data/kaviademo4200/40928/b5874os/Finance/technical_indicators/hull_moving_average.py (small file (2225 bytes))
2025-11-17 17:59:15,285 - Knowledge - INFO - Worker kw11 processing /app/data/kaviademo4200/40928/b5874os/Finance/technical_indicators/ultimate_oscillator.py
2025-11-17 17:59:15,372 - Knowledge - INFO - Fast-tracked /app/data/kaviademo4200/40928/b5874os/Finance/stock_data/reddit_scraper.py (ext=.py, size=1439)
2025-11-17 17:59:15,460 - Knowledge - INFO - Worker kw13 processing /app/data/kaviademo4200/40928/b5874os/Finance/stock_data/historical_sp500_data.py
2025-11-17 17:59:15,549 - Knowledge - INFO - Fast-tracked /app/data/kaviademo4200/40928/b5874os/Finance/README.md (ext=.md, size=2218)
2025-11-17 17:59:15,632 - Knowledge - INFO - Worker kw15 processing /app/data/kaviademo4200/40928/b5874os/Finance/find_stocks/stock_news_sentiment.py
2025-11-17 17:59:15,748 - Knowledge - INFO - Fast-tracked /app/data/kaviademo4200/40928/b5874os/Finance/stock_analysis/kelly_criterion.py (ext=.py, size=1160)
2025-11-17 17:59:15,836 - Knowledge - INFO - Fast-tracked /app/data/kaviademo4200/40928/b5874os/Finance/stock_analysis/var_analysis.py (ext=.py, size=1295)
2025-11-17 17:59:15,948 - Knowledge - INFO - Fast-tracked /app/data/kaviademo4200/40928/b5874os/Finance/portfolio_strategies/pairs_trading.py (small file (2061 bytes))
2025-11-17 17:59:16,050 - Knowledge - INFO - Fast-tracked /app/data/kaviademo4200/40928/b5874os/Finance/machine_learning/ml_models_accuracy.py (small file (2492 bytes))
2025-11-17 17:59:16,172 - Knowledge - INFO - Fast-tracked /app/data/kaviademo4200/40928/b5874os/Finance/technical_indicators/avg_true_range.py (small file (2017 bytes))
2025-11-17 17:59:16,291 - Knowledge - INFO - Fast-tracked /app/data/kaviademo4200/40928/b5874os/Finance/technical_indicators/keltners_channels.py (small file (2033 bytes))
2025-11-17 17:59:16,401 - Knowledge - INFO - Worker kw8 processing /app/data/kaviademo4200/40928/b5874os/Finance/technical_indicators/chaikin_oscillator.py
2025-11-17 17:59:16,485 - Knowledge - INFO - Fast-tracked /app/data/kaviademo4200/40928/b5874os/Finance/technical_indicators/stochastic_fast.py (small file (2425 bytes))
2025-11-17 17:59:16,533 - Knowledge - INFO - Fast-tracked /app/data/kaviademo4200/40928/b5874os/Finance/technical_indicators/WMA.py (small file (2078 bytes))
2025-11-17 17:59:16,608 - Knowledge - INFO - Fast-tracked /app/data/kaviademo4200/40928/b5874os/Finance/machine_learning/stock_probabilistic_analysis.py (small file (2188 bytes))
2025-11-17 17:59:16,844 - Knowledge - INFO - Worker kw11 processing /app/data/kaviademo4200/40928/b5874os/Finance/technical_indicators/WSMA.py
2025-11-17 17:59:16,915 - Knowledge - INFO - Worker kw12 processing /app/data/kaviademo4200/40928/b5874os/Finance/stock_data/tradingview_recommendations.py
2025-11-17 17:59:17,092 - Knowledge - INFO - Fast-tracked /app/data/kaviademo4200/40928/b5874os/Finance/stock_data/historical_sp500_data.py (ext=.py, size=1458)
2025-11-17 17:59:17,105 - Knowledge - INFO - Worker kw14 processing /app/data/kaviademo4200/40928/b5874os/Finance/find_stocks/twitter_screener.py
2025-11-17 17:59:17,275 - Knowledge - INFO - Fast-tracked /app/data/kaviademo4200/40928/b5874os/Finance/find_stocks/stock_news_sentiment.py (ext=.py, size=1845)
2025-11-17 17:59:17,323 - Knowledge - INFO - Worker kw16 processing /app/data/kaviademo4200/40928/b5874os/Finance/stock_analysis/intrinsic_value.py
2025-11-17 17:59:17,425 - Knowledge - INFO - Worker kw17 processing /app/data/kaviademo4200/40928/b5874os/Finance/stock_analysis/ma_backtesting.py
2025-11-17 17:59:17,559 - Knowledge - INFO - Fast-tracked /app/data/kaviademo4200/40928/b5874os/Finance/portfolio_strategies/portfolio_var_simulation.py (small file (2819 bytes))
2025-11-17 17:59:17,780 - Knowledge - INFO - Fast-tracked /app/data/kaviademo4200/40928/b5874os/Finance/technical_indicators/stochastic_slow.py (small file (2473 bytes))
2025-11-17 17:59:17,879 - Knowledge - INFO - Fast-tracked /app/data/kaviademo4200/40928/b5874os/Finance/technical_indicators/RSI_BollingerBands.py (small file (2569 bytes))
2025-11-17 17:59:17,977 - Knowledge - INFO - Worker kw8 processing /app/data/kaviademo4200/40928/b5874os/Finance/technical_indicators/bollinger_bandwidth.py
2025-11-17 17:59:18,221 - Knowledge - INFO - Fast-tracked /app/data/kaviademo4200/40928/b5874os/Finance/technical_indicators/chaikin_money_flow.py (small file (2621 bytes))
2025-11-17 17:59:18,350 - Knowledge - INFO - Fast-tracked /app/data/kaviademo4200/40928/b5874os/Finance/machine_learning/etf_graphical_lasso.py (small file (2620 bytes))
2025-11-17 17:59:18,480 - Knowledge - INFO - Fast-tracked /app/data/kaviademo4200/40928/b5874os/Finance/technical_indicators/WSMA.py (ext=.py, size=1657)
2025-11-17 17:59:18,521 - Knowledge - INFO - Fast-tracked /app/data/kaviademo4200/40928/b5874os/Finance/technical_indicators/mcclellan_oscillator.py (small file (2865 bytes))
2025-11-17 17:59:18,578 - Knowledge - INFO - Worker kw12 processing /app/data/kaviademo4200/40928/b5874os/Finance/stock_data/yf_intraday_data.py
2025-11-17 17:59:18,689 - Knowledge - INFO - Worker kw13 processing /app/data/kaviademo4200/40928/b5874os/Finance/stock_data/pivots_calculator.py
2025-11-17 17:59:18,691 - Knowledge - INFO - Fast-tracked /app/data/kaviademo4200/40928/b5874os/Finance/portfolio_strategies/monte_carlo.py (small file (2050 bytes))
2025-11-17 17:59:18,801 - Knowledge - INFO - Worker kw14 processing /app/data/kaviademo4200/40928/b5874os/Finance/find_stocks/price_alert_email.py
2025-11-17 17:59:18,889 - Knowledge - INFO - Worker kw15 processing /app/data/kaviademo4200/40928/b5874os/Finance/find_stocks/finviz_growth_screener.py
2025-11-17 17:59:19,015 - Knowledge - INFO - Worker kw16 processing /app/data/kaviademo4200/40928/b5874os/Finance/stock_analysis/stock_profit_loss.py
2025-11-17 17:59:19,095 - Knowledge - INFO - Worker kw17 processing /app/data/kaviademo4200/40928/b5874os/Finance/stock_analysis/backest_all_indicators.py
2025-11-17 17:59:19,185 - Knowledge - INFO - Fast-tracked /app/data/kaviademo4200/40928/b5874os/Finance/portfolio_strategies/ema_crossover_strategy.py (small file (2671 bytes))
2025-11-17 17:59:19,292 - Knowledge - INFO - Fast-tracked /app/data/kaviademo4200/40928/b5874os/Finance/technical_indicators/volume_weighted_moving_average.py (small file (2214 bytes))
2025-11-17 17:59:19,420 - Knowledge - INFO - Fast-tracked /app/data/kaviademo4200/40928/b5874os/Finance/technical_indicators/aroon.py (small file (2610 bytes))
2025-11-17 17:59:19,489 - Knowledge - INFO - Fast-tracked /app/data/kaviademo4200/40928/b5874os/Finance/technical_indicators/moving_average_envelopes.py (small file (2040 bytes))
2025-11-17 17:59:19,783 - Knowledge - INFO - Fast-tracked /app/data/kaviademo4200/40928/b5874os/Finance/technical_indicators/MFI.py (small file (2420 bytes))
2025-11-17 17:59:19,885 - Knowledge - INFO - Fast-tracked /app/data/kaviademo4200/40928/b5874os/Finance/technical_indicators/force_index.py (small file (2734 bytes))
2025-11-17 17:59:19,987 - Knowledge - INFO - Fast-tracked /app/data/kaviademo4200/40928/b5874os/Finance/stock_data/yf_intraday_data.py (ext=.py, size=952)
2025-11-17 17:59:20,016 - Knowledge - INFO - Fast-tracked /app/data/kaviademo4200/40928/b5874os/Finance/machine_learning/lstm_prediction.py (small file (2826 bytes))
2025-11-17 17:59:20,091 - Knowledge - INFO - Worker kw13 processing /app/data/kaviademo4200/40928/b5874os/Finance/stock_data/main_indicators_one_graph.py
2025-11-17 17:59:20,300 - Knowledge - INFO - Fast-tracked /app/data/kaviademo4200/40928/b5874os/Finance/find_stocks/price_alert_email.py (ext=.py, size=1456)
2025-11-17 17:59:20,308 - Knowledge - INFO - Fast-tracked /app/data/kaviademo4200/40928/b5874os/Finance/technical_indicators/price_relative.py (small file (2170 bytes))
2025-11-17 17:59:20,396 - Knowledge - INFO - Fast-tracked /app/data/kaviademo4200/40928/b5874os/Finance/find_stocks/finviz_growth_screener.py (ext=.py, size=1541)
2025-11-17 17:59:20,485 - Knowledge - INFO - Fast-tracked /app/data/kaviademo4200/40928/b5874os/Finance/stock_analysis/stock_profit_loss.py (ext=.py, size=1893)
2025-11-17 17:59:20,577 - Knowledge - INFO - Worker kw17 processing /app/data/kaviademo4200/40928/b5874os/Finance/stock_analysis/capm_analysis.py
2025-11-17 17:59:20,795 - Knowledge - INFO - Fast-tracked /app/data/kaviademo4200/40928/b5874os/Finance/technical_indicators/TRIMA.py (small file (2059 bytes))
2025-11-17 17:59:20,892 - Knowledge - INFO - Fast-tracked /app/data/kaviademo4200/40928/b5874os/Finance/technical_indicators/PVI.py (small file (2208 bytes))
2025-11-17 17:59:21,017 - Knowledge - INFO - Fast-tracked /app/data/kaviademo4200/40928/b5874os/Finance/technical_indicators/aroon_oscillator.py (small file (3003 bytes))
2025-11-17 17:59:21,103 - Knowledge - INFO - Fast-tracked /app/data/kaviademo4200/40928/b5874os/Finance/technical_indicators/EWMA_Double.py (small file (2335 bytes))
2025-11-17 17:59:21,294 - Knowledge - INFO - Worker kw12 processing /app/data/kaviademo4200/40928/b5874os/Finance/stock_data/stock_data_sms.py
2025-11-17 17:59:21,500 - Knowledge - INFO - Worker kw13 processing /app/data/kaviademo4200/40928/b5874os/Finance/stock_data/high_dividend_yield.py
2025-11-17 17:59:21,583 - Knowledge - INFO - Worker kw14 processing /app/data/kaviademo4200/40928/b5874os/Finance/find_stocks/get_rsi_tickers.py
2025-11-17 17:59:21,692 - Knowledge - INFO - Fast-tracked /app/data/kaviademo4200/40928/b5874os/Finance/technical_indicators/volume_price_confirmation_Indicator.py (small file (2869 bytes))
2025-11-17 17:59:21,804 - Knowledge - INFO - Worker kw15 processing /app/data/kaviademo4200/40928/b5874os/Finance/find_stocks/tradingview_signals.py
2025-11-17 17:59:21,899 - Knowledge - INFO - Worker kw16 processing /app/data/kaviademo4200/40928/b5874os/Finance/stock_analysis/estimating_returns.py
2025-11-17 17:59:22,028 - Knowledge - INFO - Worker kw17 processing /app/data/kaviademo4200/40928/b5874os/Finance/stock_analysis/view_stock_returns.py
2025-11-17 17:59:22,134 - Knowledge - INFO - Fast-tracked /app/data/kaviademo4200/40928/b5874os/Finance/technical_indicators/linear_regression_slope.py (small file (2615 bytes))
2025-11-17 17:59:22,356 - Knowledge - INFO - Fast-tracked /app/data/kaviademo4200/40928/b5874os/Finance/technical_indicators/moving_average_high_low.py (small file (2190 bytes))
2025-11-17 17:59:22,483 - Knowledge - INFO - Fast-tracked /app/data/kaviademo4200/40928/b5874os/Finance/technical_indicators/ROC.py (small file (2024 bytes))
2025-11-17 17:59:22,583 - Knowledge - INFO - Fast-tracked /app/data/kaviademo4200/40928/b5874os/Finance/technical_indicators/beta_indicator.py (small file (2086 bytes))
2025-11-17 17:59:22,686 - Knowledge - INFO - Fast-tracked /app/data/kaviademo4200/40928/b5874os/Finance/stock_data/get_dividend_calendar.py (small file (2682 bytes))
2025-11-17 17:59:22,809 - Knowledge - INFO - Fast-tracked /app/data/kaviademo4200/40928/b5874os/Finance/find_stocks/get_rsi_tickers.py (ext=.py, size=1546)
2025-11-17 17:59:22,989 - Knowledge - INFO - Worker kw15 processing /app/data/kaviademo4200/40928/b5874os/Finance/stock_analysis/stock_returns_statistical_analysis.py
2025-11-17 17:59:23,083 - Knowledge - INFO - Worker kw16 processing /app/data/kaviademo4200/40928/b5874os/Finance/stock_analysis/sp500_valuation.py
2025-11-17 17:59:23,190 - Knowledge - INFO - Fast-tracked /app/data/kaviademo4200/40928/b5874os/Finance/stock_analysis/view_stock_returns.py (ext=.py, size=1913)
2025-11-17 17:59:23,291 - Knowledge - INFO - Fast-tracked /app/data/kaviademo4200/40928/b5874os/Finance/technical_indicators/moving_average_ribbon.py (small file (2732 bytes))
2025-11-17 17:59:23,387 - Knowledge - INFO - Fast-tracked /app/data/kaviademo4200/40928/b5874os/Finance/technical_indicators/geometric_return_indicator.py (small file (2174 bytes))
2025-11-17 17:59:23,483 - Knowledge - INFO - Fast-tracked /app/data/kaviademo4200/40928/b5874os/Finance/technical_indicators/linear_weighted_moving_average.py (small file (2260 bytes))
2025-11-17 17:59:23,580 - Knowledge - INFO - Fast-tracked /app/data/kaviademo4200/40928/b5874os/Finance/stock_data/stock_VWAP.py (small file (2630 bytes))
2025-11-17 17:59:23,780 - Knowledge - INFO - Worker kw14 processing /app/data/kaviademo4200/40928/b5874os/Finance/find_stocks/fundamental_screener.py
2025-11-17 17:59:23,884 - Knowledge - INFO - Fast-tracked /app/data/kaviademo4200/40928/b5874os/Finance/stock_analysis/stock_returns_statistical_analysis.py (ext=.py, size=1451)
2025-11-17 17:59:23,979 - Knowledge - INFO - Worker kw16 processing /app/data/kaviademo4200/40928/b5874os/Finance/stock_analysis/ols_regression.py
2025-11-17 17:59:24,088 - Knowledge - INFO - Fast-tracked /app/data/kaviademo4200/40928/b5874os/Finance/stock_analysis/sp500_cot_sentiment_analysis.py (small file (2162 bytes))
2025-11-17 17:59:24,183 - Knowledge - INFO - Fast-tracked /app/data/kaviademo4200/40928/b5874os/Finance/technical_indicators/true_strength_index.py (small file (2412 bytes))
2025-11-17 17:59:24,383 - Knowledge - INFO - Fast-tracked /app/data/kaviademo4200/40928/b5874os/Finance/technical_indicators/commodity_channel_index.py (small file (2134 bytes))
2025-11-17 17:59:24,593 - Knowledge - INFO - Fast-tracked /app/data/kaviademo4200/40928/b5874os/Finance/stock_data/main_indicators_streamlit.py (small file (2719 bytes))
2025-11-17 17:59:24,678 - Knowledge - INFO - Worker kw15 processing /app/data/kaviademo4200/40928/b5874os/Finance/stock_analysis/performance_risk_analysis.py
2025-11-17 17:59:24,789 - Knowledge - INFO - Fast-tracked /app/data/kaviademo4200/40928/b5874os/Finance/stock_analysis/ols_regression.py (ext=.py, size=1779)
2025-11-17 17:59:25,084 - Knowledge - INFO - Fast-tracked /app/data/kaviademo4200/40928/b5874os/Finance/technical_indicators/correlation_coeff.py (small file (2039 bytes))
2025-11-17 17:59:25,109 - Knowledge - INFO - Processing batch of 12 files
2025-11-17 17:59:25,183 - Knowledge - INFO - Fast-tracked /app/data/kaviademo4200/40928/b5874os/Finance/stock_data/finviz_stock_scraper.py (small file (2833 bytes))
2025-11-17 17:59:25,286 - Knowledge - INFO - Fast-tracked /app/data/kaviademo4200/40928/b5874os/Finance/stock_analysis/performance_risk_analysis.py (ext=.py, size=1736)
2025-11-17 17:59:25,385 - Knowledge - INFO - Worker kw16 processing /app/data/kaviademo4200/40928/b5874os/Finance/stock_analysis/sma_histogram.py
2025-11-17 17:59:25,504 - Knowledge - INFO - Fast-tracked /app/data/kaviademo4200/40928/b5874os/Finance/technical_indicators/ultimate_oscillator.py (small file (2572 bytes))
2025-11-17 17:59:25,605 - Knowledge - INFO - process ingested knowledge for /app/data/kaviademo4200/40928/b5874os/Finance/technical_indicators/avg_true_range.py
2025-11-17 17:59:25,699 - Knowledge - INFO - Fast-tracked /app/data/kaviademo4200/40928/b5874os/Finance/stock_data/dividend_history.py (small file (2219 bytes))
2025-11-17 17:59:25,821 - Knowledge - INFO - Fast-tracked /app/data/kaviademo4200/40928/b5874os/Finance/find_stocks/correlated_stocks.py (small file (2245 bytes))
2025-11-17 17:59:25,932 - Knowledge - INFO - Fast-tracked /app/data/kaviademo4200/40928/b5874os/Finance/stock_analysis/sma_histogram.py (ext=.py, size=1788)
2025-11-17 17:59:26,108 - Knowledge - INFO - Processing batch of 10 files
2025-11-17 17:59:26,127 - Knowledge - INFO - process ingested knowledge for /app/data/kaviademo4200/40928/b5874os/Finance/technical_indicators/stochastic_slow.py
2025-11-17 17:59:26,453 - Knowledge - INFO - Fast-tracked /app/data/kaviademo4200/40928/b5874os/Finance/stock_analysis/earnings_call_sentiment_analysis.py (small file (2020 bytes))
2025-11-17 17:59:26,536 - Knowledge - INFO - process ingested knowledge for /app/data/kaviademo4200/40928/b5874os/Finance/technical_indicators/smoothed_moving_average.py
2025-11-17 17:59:26,647 - Knowledge - INFO - process ingested knowledge for /app/data/kaviademo4200/40928/b5874os/Finance/technical_indicators/acceleration_bands.py
2025-11-17 17:59:26,782 - Knowledge - INFO - Fast-tracked /app/data/kaviademo4200/40928/b5874os/Finance/stock_analysis/risk_vs_returns.py (small file (2290 bytes))
2025-11-17 17:59:26,852 - Knowledge - INFO - process ingested knowledge for /app/data/kaviademo4200/40928/b5874os/Finance/technical_indicators/high_minus_low.py
2025-11-17 17:59:26,979 - Knowledge - INFO - process ingested knowledge for /app/data/kaviademo4200/40928/b5874os/Finance/technical_indicators/volume_weighted_moving_average.py
2025-11-17 17:59:27,217 - Knowledge - INFO - process ingested knowledge for /app/data/kaviademo4200/40928/b5874os/Finance/technical_indicators/MFI.py
2025-11-17 17:59:27,312 - Knowledge - INFO - process ingested knowledge for /app/data/kaviademo4200/40928/b5874os/Finance/technical_indicators/SMA.py
2025-11-17 17:59:27,408 - Knowledge - INFO - process ingested knowledge for /app/data/kaviademo4200/40928/b5874os/Finance/technical_indicators/EWMA_Double.py
2025-11-17 17:59:27,503 - Knowledge - INFO - process ingested knowledge for /app/data/kaviademo4200/40928/b5874os/Finance/technical_indicators/Z_Score_Indicator.py
2025-11-17 17:59:27,609 - Knowledge - INFO - process ingested knowledge for /app/data/kaviademo4200/40928/b5874os/Finance/technical_indicators/ROC.py
2025-11-17 17:59:27,701 - Knowledge - INFO - Fast-tracked /app/data/kaviademo4200/40928/b5874os/Finance/technical_indicators/GANN_lines_angles.py (small file (2662 bytes))
2025-11-17 17:59:27,780 - Knowledge - INFO - process ingested knowledge for /app/data/kaviademo4200/40928/b5874os/Finance/technical_indicators/dynamic_momentum_index.py
2025-11-17 17:59:27,884 - Knowledge - INFO - process ingested knowledge for /app/data/kaviademo4200/40928/b5874os/Finance/technical_indicators/linear_weighted_moving_average.py
2025-11-17 17:59:28,011 - Knowledge - INFO - Fast-tracked /app/data/kaviademo4200/40928/b5874os/Finance/technical_indicators/stochastic_full.py (small file (2527 bytes))
2025-11-17 17:59:28,095 - Knowledge - INFO - process ingested knowledge for /app/data/kaviademo4200/40928/b5874os/Finance/technical_indicators/TRIMA.py
2025-11-17 17:59:28,178 - Knowledge - INFO - process ingested knowledge for /app/data/kaviademo4200/40928/b5874os/Finance/technical_indicators/commodity_channel_index.py
2025-11-17 17:59:28,281 - Knowledge - INFO - Fast-tracked /app/data/kaviademo4200/40928/b5874os/Finance/technical_indicators/EWMA.py (small file (2203 bytes))
2025-11-17 17:59:28,390 - Knowledge - INFO - process ingested knowledge for /app/data/kaviademo4200/40928/b5874os/Finance/technical_indicators/linear_regression_slope.py
2025-11-17 17:59:28,542 - Knowledge - INFO - process ingested knowledge for /app/data/kaviademo4200/40928/b5874os/Finance/technical_indicators/correlation_coeff.py
2025-11-17 17:59:28,642 - Knowledge - INFO - Fast-tracked /app/data/kaviademo4200/40928/b5874os/Finance/technical_indicators/moving_linear_regression.py (small file (2825 bytes))
2025-11-17 17:59:28,739 - Knowledge - INFO - process ingested knowledge for /app/data/kaviademo4200/40928/b5874os/Finance/technical_indicators/variance_indicator.py
2025-11-17 17:59:28,875 - Knowledge - INFO - process ingested knowledge for /app/data/kaviademo4200/40928/b5874os/Finance/technical_indicators/ultimate_oscillator.py
2025-11-17 17:59:29,113 - Knowledge - INFO - process ingested knowledge for /app/data/kaviademo4200/40928/b5874os/Finance/technical_indicators/moving_average_ribbon.py
2025-11-17 17:59:29,205 - Knowledge - INFO - process ingested knowledge for /app/data/kaviademo4200/40928/b5874os/Finance/technical_indicators/WSMA.py
2025-11-17 17:59:29,306 - Knowledge - INFO - process ingested knowledge for /app/data/kaviademo4200/40928/b5874os/Finance/technical_indicators/true_strength_index.py
2025-11-17 17:59:31,383 - Knowledge - INFO - Fast-tracked /app/data/kaviademo4200/40928/b5874os/Finance/technical_indicators/TWAP.py (small file (2174 bytes))
2025-11-17 17:59:31,661 - Knowledge - INFO - [WEBSOCKET] Sent: Type=progress_update, Size: 290, Duration: 0ms
2025-11-17 17:59:31,850 - Knowledge - INFO - [WEBSOCKET] Sent: Type=unknown, Size: ?, Duration: 190ms
2025-11-17 17:59:32,032 - Knowledge - INFO - Progress: 12.0% | Files: 22/184 | Rate: 0.37 files/sec | Queue: 0
2025-11-17 17:59:33,207 - Knowledge - INFO - Fast-tracked /app/data/kaviademo4200/40928/b5874os/Finance/technical_indicators/price_channels.py (small file (2360 bytes))
2025-11-17 17:59:33,384 - Knowledge - INFO - [LLM_CALL] Completed: golden_death_cross.py:chunk1, Duration: 11149ms, PromptTokens: 3320, CompletionTokens: 375, Cost: $0.00048
2025-11-17 17:59:33,488 - Knowledge - INFO - Fast-tracked /app/data/kaviademo4200/40928/b5874os/Finance/technical_indicators/candle_abs_returns.py (small file (2160 bytes))
2025-11-17 17:59:33,612 - Knowledge - INFO - done ingest for /app/data/kaviademo4200/40928/b5874os/Finance/technical_indicators/golden_death_cross.py
2025-11-17 17:59:33,680 - Knowledge - INFO - Fast-tracked /app/data/kaviademo4200/40928/b5874os/Finance/stock_data/send_top_movers.py (small file (2780 bytes))
2025-11-17 17:59:33,806 - Knowledge - INFO - [LLM_CALL] Completed: sma_trading_strategy.py:chunk1, Duration: 17686ms, PromptTokens: 2730, CompletionTokens: 267, Cost: $0.00038
2025-11-17 17:59:34,023 - Knowledge - INFO - done ingest for /app/data/kaviademo4200/40928/b5874os/Finance/portfolio_strategies/sma_trading_strategy.py
2025-11-17 17:59:34,138 - Knowledge - INFO - Processing batch of 12 files
2025-11-17 17:59:34,381 - Knowledge - INFO - process ingested knowledge for /app/data/kaviademo4200/40928/b5874os/Finance/technical_indicators/EMA.py
2025-11-17 17:59:34,629 - Knowledge - INFO - process ingested knowledge for /app/data/kaviademo4200/40928/b5874os/Finance/technical_indicators/accum_dist_line.py
2025-11-17 17:59:34,920 - Knowledge - INFO - process ingested knowledge for /app/data/kaviademo4200/40928/b5874os/Finance/technical_indicators/keltners_channels.py
2025-11-17 17:59:35,713 - Knowledge - INFO - process ingested knowledge for /app/data/kaviademo4200/40928/b5874os/Finance/technical_indicators/standard_deviation_volatility.py
2025-11-17 17:59:36,148 - Knowledge - INFO - process ingested knowledge for /app/data/kaviademo4200/40928/b5874os/Finance/technical_indicators/RSI_BollingerBands.py
2025-11-17 17:59:36,535 - Knowledge - INFO - process ingested knowledge for /app/data/kaviademo4200/40928/b5874os/Finance/technical_indicators/aroon.py
2025-11-17 17:59:36,881 - Knowledge - INFO - process ingested knowledge for /app/data/kaviademo4200/40928/b5874os/Finance/technical_indicators/PVI.py
2025-11-17 17:59:37,422 - Knowledge - INFO - [LLM_CALL] Completed: backtrader_backtest.py:chunk1, Duration: 17215ms, PromptTokens: 3698, CompletionTokens: 451, Cost: $0.00055
2025-11-17 17:59:37,449 - Knowledge - INFO - process ingested knowledge for /app/data/kaviademo4200/40928/b5874os/Finance/technical_indicators/golden_death_cross.py
2025-11-17 17:59:37,679 - Knowledge - INFO - done ingest for /app/data/kaviademo4200/40928/b5874os/Finance/portfolio_strategies/backtrader_backtest.py
2025-11-17 17:59:37,862 - Knowledge - INFO - process ingested knowledge for /app/data/kaviademo4200/40928/b5874os/Finance/technical_indicators/GANN_lines_angles.py
2025-11-17 17:59:38,447 - Knowledge - INFO - [LLM_CALL] Completed: backtest_strategies.py:chunk1, Duration: 24118ms, PromptTokens: 2480, CompletionTokens: 430, Cost: $0.00042
2025-11-17 17:59:38,482 - Knowledge - INFO - process ingested knowledge for /app/data/kaviademo4200/40928/b5874os/Finance/technical_indicators/stochastic_full.py
2025-11-17 17:59:38,675 - Knowledge - INFO - Fast-tracked /app/data/kaviademo4200/40928/b5874os/Finance/stock_data/finviz_home_scraper.py (small file (2592 bytes))
2025-11-17 17:59:38,775 - Knowledge - INFO - done ingest for /app/data/kaviademo4200/40928/b5874os/Finance/portfolio_strategies/backtest_strategies.py
2025-11-17 17:59:38,995 - Knowledge - INFO - process ingested knowledge for /app/data/kaviademo4200/40928/b5874os/Finance/technical_indicators/EWMA.py
2025-11-17 17:59:39,019 - Knowledge - INFO - [LLM_CALL] Completed: RSI.py:chunk1, Duration: 16103ms, PromptTokens: 3174, CompletionTokens: 303, Cost: $0.00044
2025-11-17 17:59:39,389 - Knowledge - INFO - process ingested knowledge for /app/data/kaviademo4200/40928/b5874os/Finance/technical_indicators/moving_linear_regression.py
2025-11-17 17:59:39,456 - Knowledge - INFO - done ingest for /app/data/kaviademo4200/40928/b5874os/Finance/technical_indicators/RSI.py
2025-11-17 17:59:40,005 - Knowledge - INFO - [LLM_CALL] Completed: portfolio_optimization.py:chunk1, Duration: 19322ms, PromptTokens: 5372, CompletionTokens: 733, Cost: $0.00083
2025-11-17 17:59:40,311 - Knowledge - INFO - done ingest for /app/data/kaviademo4200/40928/b5874os/Finance/portfolio_strategies/portfolio_optimization.py
2025-11-17 17:59:40,379 - Knowledge - INFO - Processing batch of 12 files
2025-11-17 17:59:40,507 - Knowledge - INFO - Fast-tracked /app/data/kaviademo4200/40928/b5874os/Finance/find_stocks/twitter_screener.py (small file (2992 bytes))
2025-11-17 17:59:40,618 - Knowledge - INFO - Fast-tracked /app/data/kaviademo4200/40928/b5874os/Finance/find_stocks/IBD_RS_Rating.py (small file (2120 bytes))
2025-11-17 17:59:40,629 - Knowledge - INFO - process ingested knowledge for /app/data/kaviademo4200/40928/b5874os/Finance/portfolio_strategies/optimized_bollinger_bands.py
2025-11-17 17:59:40,710 - Knowledge - INFO - Fast-tracked /app/data/kaviademo4200/40928/b5874os/Finance/find_stocks/fundamental_screener.py (small file (2379 bytes))
2025-11-17 17:59:40,767 - Knowledge - INFO - Processing batch of 12 files
2025-11-17 17:59:40,822 - Knowledge - INFO - Fast-tracked /app/data/kaviademo4200/40928/b5874os/Finance/find_stocks/green_line_values.py (small file (2259 bytes))
2025-11-17 17:59:40,942 - Knowledge - INFO - process ingested knowledge for /app/data/kaviademo4200/40928/b5874os/Finance/portfolio_strategies/ls_dca_analysis.py
2025-11-17 17:59:41,245 - Knowledge - INFO - process ingested knowledge for /app/data/kaviademo4200/40928/b5874os/Finance/portfolio_strategies/geometric_brownian_motion.py
2025-11-17 17:59:41,481 - Knowledge - INFO - Fast-tracked /app/data/kaviademo4200/40928/b5874os/Finance/find_stocks/tradingview_signals.py (small file (2201 bytes))
2025-11-17 17:59:41,688 - Knowledge - INFO - Fast-tracked /app/data/kaviademo4200/40928/b5874os/Finance/technical_indicators/linear_regression.py (small file (2562 bytes))
2025-11-17 17:59:41,747 - Knowledge - INFO - process ingested knowledge for /app/data/kaviademo4200/40928/b5874os/Finance/portfolio_strategies/portfolio_analysis.py
2025-11-17 17:59:41,776 - Knowledge - INFO - process ingested knowledge for /app/data/kaviademo4200/40928/b5874os/Finance/portfolio_strategies/optimal_portfolio.py
2025-11-17 17:59:41,882 - Knowledge - INFO - [WEBSOCKET] Sent: Type=progress_update, Size: 290, Duration: 0ms
2025-11-17 17:59:42,302 - Knowledge - INFO - process ingested knowledge for /app/data/kaviademo4200/40928/b5874os/Finance/portfolio_strategies/rwb_strategy.py
2025-11-17 17:59:42,475 - Knowledge - INFO - [WEBSOCKET] Sent: Type=unknown, Size: ?, Duration: 593ms
2025-11-17 17:59:42,479 - Knowledge - INFO - process ingested knowledge for /app/data/kaviademo4200/40928/b5874os/Finance/portfolio_strategies/moving_avg_strategy.py
2025-11-17 17:59:42,534 - Knowledge - INFO - Fast-tracked /app/data/kaviademo4200/40928/b5874os/Finance/technical_indicators/EWMA_Triple.py (small file (2470 bytes))
2025-11-17 17:59:42,595 - Knowledge - INFO - process ingested knowledge for /app/data/kaviademo4200/40928/b5874os/Finance/portfolio_strategies/best_moving_averages_analysis.py
2025-11-17 17:59:42,711 - Knowledge - INFO - Progress: 31.5% | Files: 58/184 | Rate: 0.82 files/sec | Queue: 0
2025-11-17 17:59:42,713 - Knowledge - INFO - [LLM_CALL] Completed: stochastic_RSI.py:chunk1, Duration: 24605ms, PromptTokens: 3170, CompletionTokens: 356, Cost: $0.00046
2025-11-17 17:59:42,815 - Knowledge - INFO - process ingested knowledge for /app/data/kaviademo4200/40928/b5874os/Finance/portfolio_strategies/moving_average_crossover_signals.py
2025-11-17 17:59:43,023 - Knowledge - INFO - process ingested knowledge for /app/data/kaviademo4200/40928/b5874os/Finance/portfolio_strategies/financial_signal_analysis.py
2025-11-17 17:59:43,368 - Knowledge - INFO - done ingest for /app/data/kaviademo4200/40928/b5874os/Finance/technical_indicators/stochastic_RSI.py
2025-11-17 17:59:43,505 - Knowledge - INFO - process ingested knowledge for /app/data/kaviademo4200/40928/b5874os/Finance/portfolio_strategies/pairs_trading.py
2025-11-17 17:59:43,675 - Knowledge - INFO - process ingested knowledge for /app/data/kaviademo4200/40928/b5874os/Finance/portfolio_strategies/risk_management.py
2025-11-17 17:59:43,893 - Knowledge - INFO - Fast-tracked /app/data/kaviademo4200/40928/b5874os/Finance/stock_analysis/estimating_returns.py (small file (2030 bytes))
2025-11-17 17:59:43,941 - Knowledge - INFO - process ingested knowledge for /app/data/kaviademo4200/40928/b5874os/Finance/portfolio_strategies/long_hold_stats_analysis.py
2025-11-17 17:59:44,142 - Knowledge - INFO - process ingested knowledge for /app/data/kaviademo4200/40928/b5874os/Finance/portfolio_strategies/stock_spread_plotter.py
2025-11-17 17:59:44,269 - Knowledge - INFO - process ingested knowledge for /app/data/kaviademo4200/40928/b5874os/Finance/portfolio_strategies/portfolio_var_simulation.py
2025-11-17 17:59:44,397 - Knowledge - INFO - process ingested knowledge for /app/data/kaviademo4200/40928/b5874os/Finance/portfolio_strategies/backtest_strategies.py
2025-11-17 17:59:44,622 - Knowledge - INFO - process ingested knowledge for /app/data/kaviademo4200/40928/b5874os/Finance/portfolio_strategies/ema_crossover_strategy.py
2025-11-17 17:59:44,686 - Knowledge - INFO - process ingested knowledge for /app/data/kaviademo4200/40928/b5874os/Finance/portfolio_strategies/sma_trading_strategy.py
2025-11-17 17:59:44,960 - Knowledge - INFO - Fast-tracked /app/data/kaviademo4200/40928/b5874os/Finance/technical_indicators/donchain_channel.py (small file (2219 bytes))
2025-11-17 17:59:44,985 - Knowledge - INFO - process ingested knowledge for /app/data/kaviademo4200/40928/b5874os/Finance/portfolio_strategies/factor_analysis.py
2025-11-17 17:59:45,119 - Knowledge - INFO - process ingested knowledge for /app/data/kaviademo4200/40928/b5874os/Finance/portfolio_strategies/monte_carlo.py
2025-11-17 17:59:45,234 - Knowledge - INFO - Fast-tracked /app/data/kaviademo4200/40928/b5874os/Finance/technical_indicators/absolute_price_oscillator.py (small file (2176 bytes))
2025-11-17 17:59:45,584 - Knowledge - INFO - [LLM_CALL] Completed: quantitative_indicators_prediction.py:chunk1, Duration: 22055ms, PromptTokens: 2446, CompletionTokens: 374, Cost: $0.00039
2025-11-17 17:59:45,732 - Knowledge - INFO - process ingested knowledge for /app/data/kaviademo4200/40928/b5874os/Finance/portfolio_strategies/backtrader_backtest.py
2025-11-17 17:59:45,824 - Knowledge - INFO - done ingest for /app/data/kaviademo4200/40928/b5874os/Finance/machine_learning/quantitative_indicators_prediction.py
2025-11-17 17:59:45,830 - Knowledge - INFO - process ingested knowledge for /app/data/kaviademo4200/40928/b5874os/Finance/portfolio_strategies/astral_timing_signals.py
2025-11-17 17:59:46,143 - Knowledge - INFO - Processing batch of 10 files
2025-11-17 17:59:46,392 - Knowledge - INFO - process ingested knowledge for /app/data/kaviademo4200/40928/b5874os/Finance/technical_indicators/momentum.py
2025-11-17 17:59:46,439 - Knowledge - INFO - process ingested knowledge for /app/data/kaviademo4200/40928/b5874os/Finance/portfolio_strategies/support_resistance_finder.py
2025-11-17 17:59:47,038 - Knowledge - INFO - [LLM_CALL] Completed: minervini_screener.py:chunk1, Duration: 20697ms, PromptTokens: 2512, CompletionTokens: 312, Cost: $0.00038
2025-11-17 17:59:47,145 - Knowledge - INFO - process ingested knowledge for /app/data/kaviademo4200/40928/b5874os/Finance/portfolio_strategies/portfolio_optimization.py
2025-11-17 17:59:47,195 - Knowledge - INFO - process ingested knowledge for /app/data/kaviademo4200/40928/b5874os/Finance/technical_indicators/stochastic_fast.py
2025-11-17 17:59:47,346 - Knowledge - INFO - done ingest for /app/data/kaviademo4200/40928/b5874os/Finance/find_stocks/minervini_screener.py
2025-11-17 17:59:47,354 - Knowledge - INFO - [LLM_CALL] Completed: tradingview_intraday_data.py:chunk1, Duration: 21113ms, PromptTokens: 2752, CompletionTokens: 502, Cost: $0.00048
2025-11-17 17:59:47,389 - Knowledge - INFO - Fast-tracked /app/data/kaviademo4200/40928/b5874os/Finance/stock_data/pivots_calculator.py (small file (2230 bytes))
2025-11-17 17:59:47,925 - Knowledge - INFO - done ingest for /app/data/kaviademo4200/40928/b5874os/Finance/stock_data/tradingview_intraday_data.py
2025-11-17 17:59:48,433 - Knowledge - INFO - Fast-tracked /app/data/kaviademo4200/40928/b5874os/Finance/stock_data/main_indicators_one_graph.py (small file (3043 bytes))
2025-11-17 17:59:49,152 - Knowledge - INFO - [LLM_CALL] Completed: arima_time_series.py:chunk1, Duration: 29460ms, PromptTokens: 2758, CompletionTokens: 396, Cost: $0.00043
2025-11-17 17:59:49,444 - Knowledge - INFO - done ingest for /app/data/kaviademo4200/40928/b5874os/Finance/machine_learning/arima_time_series.py
2025-11-17 17:59:49,767 - Knowledge - INFO - Fast-tracked /app/data/kaviademo4200/40928/b5874os/Finance/stock_data/high_dividend_yield.py (small file (2098 bytes))
2025-11-17 17:59:49,981 - Knowledge - INFO - process ingested knowledge for /app/data/kaviademo4200/40928/b5874os/Finance/technical_indicators/stochastic_RSI.py
2025-11-17 17:59:50,531 - Knowledge - INFO - [LLM_CALL] Completed: technical_indicators_clustering.py:chunk1, Duration: 37729ms, PromptTokens: 2588, CompletionTokens: 535, Cost: $0.00047
2025-11-17 17:59:50,763 - Knowledge - INFO - done ingest for /app/data/kaviademo4200/40928/b5874os/Finance/machine_learning/technical_indicators_clustering.py
2025-11-17 17:59:51,089 - Knowledge - INFO - Fast-tracked /app/data/kaviademo4200/40928/b5874os/Finance/technical_indicators/relative_volatility_index.py (small file (2446 bytes))
2025-11-17 17:59:51,161 - Knowledge - INFO - Fast-tracked /app/data/kaviademo4200/40928/b5874os/Finance/technical_indicators/chaikin_oscillator.py (small file (2870 bytes))
2025-11-17 17:59:51,512 - Knowledge - INFO - Fast-tracked /app/data/kaviademo4200/40928/b5874os/Finance/technical_indicators/double_exp_moving_avg.py (small file (2128 bytes))
2025-11-17 17:59:51,796 - Knowledge - INFO - Fast-tracked /app/data/kaviademo4200/40928/b5874os/Finance/technical_indicators/bollinger_bandwidth.py (small file (2605 bytes))
2025-11-17 17:59:51,921 - Knowledge - INFO - Fast-tracked /app/data/kaviademo4200/40928/b5874os/Finance/stock_analysis/ma_backtesting.py (small file (2396 bytes))
2025-11-17 17:59:51,961 - Knowledge - INFO - process ingested knowledge for /app/data/kaviademo4200/40928/b5874os/Finance/technical_indicators/VWAP.py
2025-11-17 17:59:52,252 - Knowledge - INFO - [LLM_CALL] Completed: deep_learning_bot.py:chunk1, Duration: 38447ms, PromptTokens: 3262, CompletionTokens: 539, Cost: $0.00054
2025-11-17 17:59:52,520 - Knowledge - INFO - done ingest for /app/data/kaviademo4200/40928/b5874os/Finance/machine_learning/deep_learning_bot.py
2025-11-17 17:59:52,543 - Knowledge - INFO - process ingested knowledge for /app/data/kaviademo4200/40928/b5874os/Finance/technical_indicators/price_relative.py
2025-11-17 17:59:53,615 - Knowledge - INFO - [LLM_CALL] Completed: new_highs_new_lows.py:chunk1, Duration: 25688ms, PromptTokens: 2992, CompletionTokens: 375, Cost: $0.00045
2025-11-17 17:59:53,953 - Knowledge - INFO - done ingest for /app/data/kaviademo4200/40928/b5874os/Finance/technical_indicators/new_highs_new_lows.py
2025-11-17 17:59:54,837 - Knowledge - INFO - [LLM_CALL] Completed: breadth_indicator.py:chunk1, Duration: 33626ms, PromptTokens: 2824, CompletionTokens: 409, Cost: $0.00045
2025-11-17 17:59:55,100 - Knowledge - INFO - done ingest for /app/data/kaviademo4200/40928/b5874os/Finance/technical_indicators/breadth_indicator.py
2025-11-17 17:59:56,432 - Knowledge - INFO - Fast-tracked /app/data/kaviademo4200/40928/b5874os/Finance/stock_analysis/capm_analysis.py (small file (2130 bytes))
2025-11-17 17:59:56,798 - Knowledge - INFO - [LLM_CALL] Completed: stock_earnings.py:chunk1, Duration: 22772ms, PromptTokens: 2560, CompletionTokens: 364, Cost: $0.00040
2025-11-17 17:59:57,096 - Knowledge - INFO - done ingest for /app/data/kaviademo4200/40928/b5874os/Finance/stock_data/stock_earnings.py
2025-11-17 17:59:58,067 - Knowledge - INFO - [LLM_CALL] Completed: green_line_test.py:chunk1, Duration: 34386ms, PromptTokens: 2374, CompletionTokens: 338, Cost: $0.00037
2025-11-17 17:59:58,387 - Knowledge - INFO - done ingest for /app/data/kaviademo4200/40928/b5874os/Finance/stock_data/green_line_test.py
2025-11-17 18:00:02,213 - Knowledge - INFO - [LLM_CALL] Completed: balance_of_power.py:chunk1, Duration: 45466ms, PromptTokens: 3182, CompletionTokens: 458, Cost: $0.00050
2025-11-17 18:00:02,244 - Knowledge - INFO - process ingested knowledge for /app/data/kaviademo4200/40928/b5874os/Finance/technical_indicators/volume_price_confirmation_Indicator.py
2025-11-17 18:00:02,536 - Knowledge - INFO - done ingest for /app/data/kaviademo4200/40928/b5874os/Finance/technical_indicators/balance_of_power.py
2025-11-17 18:00:03,536 - Knowledge - INFO - process ingested knowledge for /app/data/kaviademo4200/40928/b5874os/Finance/technical_indicators/RSI.py
2025-11-17 18:00:05,047 - Knowledge - INFO - process ingested knowledge for /app/data/kaviademo4200/40928/b5874os/Finance/technical_indicators/price_channels.py
2025-11-17 18:00:05,236 - Knowledge - INFO - [LLM_CALL] Completed: intrinsic_value.py:chunk1, Duration: 38113ms, PromptTokens: 3150, CompletionTokens: 395, Cost: $0.00047
2025-11-17 18:00:05,628 - Knowledge - INFO - done ingest for /app/data/kaviademo4200/40928/b5874os/Finance/stock_analysis/intrinsic_value.py
2025-11-17 18:00:05,682 - Knowledge - INFO - [LLM_CALL] Completed: GMMA.py:chunk1, Duration: 26118ms, PromptTokens: 3904, CompletionTokens: 294, Cost: $0.00051
2025-11-17 18:00:06,089 - Knowledge - INFO - done ingest for /app/data/kaviademo4200/40928/b5874os/Finance/technical_indicators/GMMA.py
2025-11-17 18:00:06,501 - Knowledge - INFO - process ingested knowledge for /app/data/kaviademo4200/40928/b5874os/Finance/technical_indicators/MA_high_low.py
2025-11-17 18:00:06,818 - Knowledge - INFO - Processing batch of 10 files
2025-11-17 18:00:07,091 - Knowledge - INFO - process ingested knowledge for /app/data/kaviademo4200/40928/b5874os/Finance/find_stocks/correlated_stocks.py
2025-11-17 18:00:07,975 - Knowledge - INFO - [WEBSOCKET] Sent: Type=progress_update, Size: 291, Duration: 0ms
2025-11-17 18:00:08,087 - Knowledge - INFO - process ingested knowledge for /app/data/kaviademo4200/40928/b5874os/Finance/find_stocks/yahoo_recommendations.py
2025-11-17 18:00:08,199 - Knowledge - INFO - process ingested knowledge for /app/data/kaviademo4200/40928/b5874os/Finance/technical_indicators/candle_abs_returns.py
2025-11-17 18:00:08,443 - Knowledge - INFO - [WEBSOCKET] Sent: Type=unknown, Size: ?, Duration: 468ms
2025-11-17 18:00:08,986 - Knowledge - INFO - Progress: 53.8% | Files: 100/184 | Rate: 1.06 files/sec | Queue: 0
2025-11-17 18:00:09,095 - Knowledge - INFO - [LLM_CALL] Completed: avg_directional_index.py:chunk1, Duration: 44812ms, PromptTokens: 3072, CompletionTokens: 470, Cost: $0.00050
2025-11-17 18:00:09,510 - Knowledge - INFO - process ingested knowledge for /app/data/kaviademo4200/40928/b5874os/Finance/find_stocks/minervini_screener.py
2025-11-17 18:00:09,516 - Knowledge - INFO - done ingest for /app/data/kaviademo4200/40928/b5874os/Finance/technical_indicators/avg_directional_index.py
2025-11-17 18:00:09,594 - Knowledge - INFO - [LLM_CALL] Completed: ease_of_movement.py:chunk1, Duration: 37945ms, PromptTokens: 2886, CompletionTokens: 453, Cost: $0.00047
2025-11-17 18:00:10,257 - Knowledge - INFO - done ingest for /app/data/kaviademo4200/40928/b5874os/Finance/technical_indicators/ease_of_movement.py
2025-11-17 18:00:10,387 - Knowledge - INFO - process ingested knowledge for /app/data/kaviademo4200/40928/b5874os/Finance/find_stocks/IBD_RS_Rating.py
2025-11-17 18:00:10,543 - Knowledge - INFO - Processing batch of 10 files
2025-11-17 18:00:10,937 - Knowledge - INFO - process ingested knowledge for /app/data/kaviademo4200/40928/b5874os/Finance/stock_data/fundamental_ratios.py
2025-11-17 18:00:11,341 - Knowledge - INFO - [LLM_CALL] Completed: sp500_valuation.py:chunk1, Duration: 27152ms, PromptTokens: 7184, CompletionTokens: 382, Cost: $0.00087
2025-11-17 18:00:11,700 - Knowledge - INFO - done ingest for /app/data/kaviademo4200/40928/b5874os/Finance/stock_analysis/sp500_valuation.py
2025-11-17 18:00:11,859 - Knowledge - INFO - process ingested knowledge for /app/data/kaviademo4200/40928/b5874os/Finance/stock_data/main_indicators_streamlit.py
2025-11-17 18:00:11,996 - Knowledge - INFO - process ingested knowledge for /app/data/kaviademo4200/40928/b5874os/Finance/find_stocks/green_line_values.py
2025-11-17 18:00:12,121 - Knowledge - INFO - Processing batch of 10 files
2025-11-17 18:00:12,369 - Knowledge - INFO - process ingested knowledge for /app/data/kaviademo4200/40928/b5874os/Finance/stock_data/get_dividend_calendar.py
2025-11-17 18:00:12,809 - Knowledge - INFO - process ingested knowledge for /app/data/kaviademo4200/40928/b5874os/Finance/find_stocks/stock_news_sentiment.py
2025-11-17 18:00:13,189 - Knowledge - INFO - process ingested knowledge for /app/data/kaviademo4200/40928/b5874os/Finance/stock_data/green_line_test.py
2025-11-17 18:00:13,518 - Knowledge - INFO - process ingested knowledge for /app/data/kaviademo4200/40928/b5874os/Finance/stock_data/finviz_stock_scraper.py
2025-11-17 18:00:13,681 - Knowledge - INFO - [WEBSOCKET] Sent: Type=progress_update, Size: 291, Duration: 0ms
2025-11-17 18:00:13,820 - Knowledge - INFO - process ingested knowledge for /app/data/kaviademo4200/40928/b5874os/Finance/find_stocks/finviz_growth_screener.py
2025-11-17 18:00:13,967 - Knowledge - INFO - [WEBSOCKET] Sent: Type=unknown, Size: ?, Duration: 287ms
2025-11-17 18:00:14,151 - Knowledge - INFO - process ingested knowledge for /app/data/kaviademo4200/40928/b5874os/Finance/stock_data/autoscraper_finviz_data.py
2025-11-17 18:00:14,153 - Knowledge - INFO - process ingested knowledge for /app/data/kaviademo4200/40928/b5874os/Finance/stock_data/dividend_history.py
2025-11-17 18:00:14,277 - Knowledge - INFO - Progress: 62.5% | Files: 118/184 | Rate: 1.16 files/sec | Queue: 0
2025-11-17 18:00:14,292 - Knowledge - INFO - [LLM_CALL] Completed: speed_resistance_lines.py:chunk1, Duration: 30917ms, PromptTokens: 3486, CompletionTokens: 398, Cost: $0.00051
2025-11-17 18:00:14,321 - Knowledge - INFO - process ingested knowledge for /app/data/kaviademo4200/40928/b5874os/Finance/find_stocks/tradingview_signals.py
2025-11-17 18:00:14,756 - Knowledge - INFO - done ingest for /app/data/kaviademo4200/40928/b5874os/Finance/technical_indicators/speed_resistance_lines.py
2025-11-17 18:00:14,759 - Knowledge - INFO - [LLM_CALL] Completed: stock_data_sms.py:chunk1, Duration: 25313ms, PromptTokens: 2322, CompletionTokens: 362, Cost: $0.00038
2025-11-17 18:00:14,779 - Knowledge - INFO - process ingested knowledge for /app/data/kaviademo4200/40928/b5874os/Finance/stock_data/fibonacci_retracement.py
2025-11-17 18:00:15,301 - Knowledge - INFO - done ingest for /app/data/kaviademo4200/40928/b5874os/Finance/stock_data/stock_data_sms.py
2025-11-17 18:00:15,319 - Knowledge - INFO - process ingested knowledge for /app/data/kaviademo4200/40928/b5874os/Finance/stock_analysis/stock_returns_statistical_analysis.py
2025-11-17 18:00:15,324 - Knowledge - INFO - Processing batch of 12 files
2025-11-17 18:00:15,330 - Knowledge - INFO - process ingested knowledge for /app/data/kaviademo4200/40928/b5874os/Finance/stock_data/tradingview_intraday_data.py
2025-11-17 18:00:15,528 - Knowledge - INFO - process ingested knowledge for /app/data/kaviademo4200/40928/b5874os/Finance/stock_data/send_top_movers.py
2025-11-17 18:00:15,778 - Knowledge - INFO - process ingested knowledge for /app/data/kaviademo4200/40928/b5874os/Finance/portfolio_strategies/rsi_trendline_strategy.py
2025-11-17 18:00:16,327 - Knowledge - INFO - process ingested knowledge for /app/data/kaviademo4200/40928/b5874os/Finance/stock_data/stock_earnings.py
2025-11-17 18:00:16,334 - Knowledge - INFO - process ingested knowledge for /app/data/kaviademo4200/40928/b5874os/Finance/portfolio_strategies/robinhood_bot.py
2025-11-17 18:00:16,457 - Knowledge - INFO - process ingested knowledge for /app/data/kaviademo4200/40928/b5874os/Finance/README.md
2025-11-17 18:00:16,541 - Knowledge - INFO - process ingested knowledge for /app/data/kaviademo4200/40928/b5874os/Finance/stock_analysis/performance_risk_analysis.py
2025-11-17 18:00:17,059 - Knowledge - INFO - [LLM_CALL] Completed: pivot_point.py:chunk1, Duration: 57473ms, PromptTokens: 4756, CompletionTokens: 380, Cost: $0.00063
2025-11-17 18:00:17,163 - Knowledge - INFO - process ingested knowledge for /app/data/kaviademo4200/40928/b5874os/Finance/stock_data/historical_sp500_data.py
2025-11-17 18:00:17,192 - Knowledge - INFO - process ingested knowledge for /app/data/kaviademo4200/40928/b5874os/Finance/machine_learning/technical_indicators_clustering.py
2025-11-17 18:00:17,506 - Knowledge - INFO - done ingest for /app/data/kaviademo4200/40928/b5874os/Finance/technical_indicators/pivot_point.py
2025-11-17 18:00:17,959 - Knowledge - INFO - [LLM_CALL] Completed: ta_functions.py:chunk1, Duration: 56542ms, PromptTokens: 6792, CompletionTokens: 1256, Cost: $0.00118
2025-11-17 18:00:18,142 - Knowledge - INFO - process ingested knowledge for /app/data/kaviademo4200/40928/b5874os/Finance/machine_learning/pca_kmeans_clustering.py
2025-11-17 18:00:18,154 - Knowledge - INFO - process ingested knowledge for /app/data/kaviademo4200/40928/b5874os/Finance/stock_data/pivots_calculator.py
2025-11-17 18:00:18,218 - Knowledge - INFO - done ingest for /app/data/kaviademo4200/40928/b5874os/Finance/ta_functions.py
2025-11-17 18:00:18,285 - Knowledge - INFO - [WEBSOCKET] Sent: Type=progress_update, Size: 292, Duration: 0ms
2025-11-17 18:00:18,798 - Knowledge - INFO - [WEBSOCKET] Sent: Type=unknown, Size: ?, Duration: 571ms
2025-11-17 18:00:18,806 - Knowledge - INFO - process ingested knowledge for /app/data/kaviademo4200/40928/b5874os/Finance/stock_data/main_indicators_one_graph.py
2025-11-17 18:00:18,910 - Knowledge - INFO - process ingested knowledge for /app/data/kaviademo4200/40928/b5874os/Finance/machine_learning/deep_learning_bot.py
2025-11-17 18:00:19,129 - Knowledge - INFO - Progress: 69.6% | Files: 130/184 | Rate: 1.22 files/sec | Queue: 0
2025-11-17 18:00:19,189 - Knowledge - INFO - process ingested knowledge for /app/data/kaviademo4200/40928/b5874os/Finance/find_stocks/twitter_screener.py
2025-11-17 18:00:19,297 - Knowledge - INFO - process ingested knowledge for /app/data/kaviademo4200/40928/b5874os/Finance/stock_data/high_dividend_yield.py
2025-11-17 18:00:19,300 - Knowledge - INFO - [LLM_CALL] Completed: tradingview_recommendations.py:chunk1, Duration: 39844ms, PromptTokens: 3036, CompletionTokens: 453, Cost: $0.00048
2025-11-17 18:00:19,506 - Knowledge - INFO - process ingested knowledge for /app/data/kaviademo4200/40928/b5874os/Finance/machine_learning/stocker_price_prediction.py
2025-11-17 18:00:19,876 - Knowledge - INFO - process ingested knowledge for /app/data/kaviademo4200/40928/b5874os/Finance/find_stocks/price_alert_email.py
2025-11-17 18:00:20,032 - Knowledge - INFO - done ingest for /app/data/kaviademo4200/40928/b5874os/Finance/stock_data/tradingview_recommendations.py
2025-11-17 18:00:20,677 - Knowledge - INFO - [LLM_CALL] Completed: sklearn_trading_bot.py:chunk1, Duration: 63037ms, PromptTokens: 2376, CompletionTokens: 548, Cost: $0.00046
2025-11-17 18:00:20,866 - Knowledge - INFO - process ingested knowledge for /app/data/kaviademo4200/40928/b5874os/Finance/machine_learning/stock_probabilistic_analysis.py
2025-11-17 18:00:20,912 - Knowledge - INFO - process ingested knowledge for /app/data/kaviademo4200/40928/b5874os/Finance/find_stocks/get_rsi_tickers.py
2025-11-17 18:00:20,923 - Knowledge - INFO - done ingest for /app/data/kaviademo4200/40928/b5874os/Finance/machine_learning/sklearn_trading_bot.py
2025-11-17 18:00:20,942 - Knowledge - INFO - [LLM_CALL] Completed: twitter_sentiment_analysis.py:chunk1, Duration: 56044ms, PromptTokens: 4210, CompletionTokens: 520, Cost: $0.00063
2025-11-17 18:00:21,545 - Knowledge - INFO - done ingest for /app/data/kaviademo4200/40928/b5874os/Finance/stock_analysis/twitter_sentiment_analysis.py
2025-11-17 18:00:21,545 - Knowledge - INFO - [LLM_CALL] Completed: MACD.py:chunk1, Duration: 66764ms, PromptTokens: 4642, CompletionTokens: 392, Cost: $0.00062
2025-11-17 18:00:21,613 - Knowledge - INFO - process ingested knowledge for /app/data/kaviademo4200/40928/b5874os/Finance/machine_learning/stock_regression_analysis.py
2025-11-17 18:00:21,614 - Knowledge - INFO - process ingested knowledge for /app/data/kaviademo4200/40928/b5874os/Finance/find_stocks/fundamental_screener.py
2025-11-17 18:00:21,880 - Knowledge - INFO - done ingest for /app/data/kaviademo4200/40928/b5874os/Finance/technical_indicators/MACD.py
2025-11-17 18:00:21,881 - Knowledge - INFO - [LLM_CALL] Completed: stock_twilio_server.py:chunk1, Duration: 57420ms, PromptTokens: 2362, CompletionTokens: 359, Cost: $0.00038
2025-11-17 18:00:22,199 - Knowledge - INFO - process ingested knowledge for /app/data/kaviademo4200/40928/b5874os/Finance/machine_learning/etf_graphical_lasso.py
2025-11-17 18:00:22,402 - Knowledge - INFO - done ingest for /app/data/kaviademo4200/40928/b5874os/Finance/stock_data/stock_twilio_server.py
2025-11-17 18:00:22,593 - Knowledge - INFO - process ingested knowledge for /app/data/kaviademo4200/40928/b5874os/Finance/machine_learning/arima_time_series.py
2025-11-17 18:00:22,929 - Knowledge - INFO - Processing batch of 12 files
2025-11-17 18:00:23,188 - Knowledge - INFO - process ingested knowledge for /app/data/kaviademo4200/40928/b5874os/Finance/technical_indicators/moving_average_envelopes.py
2025-11-17 18:00:23,692 - Knowledge - INFO - process ingested knowledge for /app/data/kaviademo4200/40928/b5874os/Finance/technical_indicators/PVT.py
2025-11-17 18:00:23,694 - Knowledge - INFO - process ingested knowledge for /app/data/kaviademo4200/40928/b5874os/Finance/machine_learning/kmeans_clustering.py
2025-11-17 18:00:23,786 - Knowledge - INFO - Processing batch of 10 files
2025-11-17 18:00:23,804 - Knowledge - INFO - Processing batch of 10 files
2025-11-17 18:00:23,964 - Knowledge - INFO - [LLM_CALL] Completed: backest_all_indicators.py:chunk1, Duration: 31438ms, PromptTokens: 18332, CompletionTokens: 780, Cost: $0.00215
2025-11-17 18:00:24,201 - Knowledge - INFO - process ingested knowledge for /app/data/kaviademo4200/40928/b5874os/Finance/stock_analysis/stock_pivot_resistance.py
2025-11-17 18:00:24,309 - Knowledge - INFO - process ingested knowledge for /app/data/kaviademo4200/40928/b5874os/Finance/technical_indicators/hull_moving_average.py
2025-11-17 18:00:24,479 - Knowledge - INFO - done ingest for /app/data/kaviademo4200/40928/b5874os/Finance/stock_analysis/backest_all_indicators.py
2025-11-17 18:00:25,133 - Knowledge - INFO - process ingested knowledge for /app/data/kaviademo4200/40928/b5874os/Finance/technical_indicators/aroon_oscillator.py
2025-11-17 18:00:25,189 - Knowledge - INFO - process ingested knowledge for /app/data/kaviademo4200/40928/b5874os/Finance/technical_indicators/balance_of_power.py
2025-11-17 18:00:25,876 - Knowledge - INFO - process ingested knowledge for /app/data/kaviademo4200/40928/b5874os/Finance/machine_learning/quantitative_indicators_prediction.py
2025-11-17 18:00:26,881 - Knowledge - INFO - process ingested knowledge for /app/data/kaviademo4200/40928/b5874os/Finance/technical_indicators/moving_average_high_low.py
2025-11-17 18:00:26,993 - Knowledge - INFO - process ingested knowledge for /app/data/kaviademo4200/40928/b5874os/Finance/stock_analysis/earnings_call_sentiment_analysis.py
2025-11-17 18:00:27,310 - Knowledge - INFO - [LLM_CALL] Completed: seasonal_stock_analysis.py:chunk1, Duration: 46902ms, PromptTokens: 8640, CompletionTokens: 729, Cost: $0.00116
2025-11-17 18:00:27,554 - Knowledge - INFO - done ingest for /app/data/kaviademo4200/40928/b5874os/Finance/stock_analysis/seasonal_stock_analysis.py
2025-11-17 18:00:27,679 - Knowledge - INFO - [WEBSOCKET] Sent: Type=progress_update, Size: 293, Duration: 0ms
2025-11-17 18:00:27,680 - Knowledge - INFO - process ingested knowledge for /app/data/kaviademo4200/40928/b5874os/Finance/technical_indicators/mcclellan_oscillator.py
2025-11-17 18:00:27,707 - Knowledge - INFO - process ingested knowledge for /app/data/kaviademo4200/40928/b5874os/Finance/stock_analysis/risk_vs_returns.py
2025-11-17 18:00:28,184 - Knowledge - INFO - [WEBSOCKET] Sent: Type=unknown, Size: ?, Duration: 506ms
2025-11-17 18:00:28,575 - Knowledge - INFO - Progress: 82.6% | Files: 153/184 | Rate: 1.33 files/sec | Queue: 0
2025-11-17 18:00:29,186 - Knowledge - INFO - process ingested knowledge for /app/data/kaviademo4200/40928/b5874os/Finance/technical_indicators/force_index.py
2025-11-17 18:00:29,795 - Knowledge - INFO - process ingested knowledge for /app/data/kaviademo4200/40928/b5874os/Finance/stock_analysis/kelly_criterion.py
2025-11-17 18:00:29,798 - Knowledge - INFO - process ingested knowledge for /app/data/kaviademo4200/40928/b5874os/Finance/technical_indicators/breadth_indicator.py
2025-11-17 18:00:29,831 - Knowledge - INFO - process ingested knowledge for /app/data/kaviademo4200/40928/b5874os/Finance/technical_indicators/ROI.py
2025-11-17 18:00:30,762 - Knowledge - INFO - process ingested knowledge for /app/data/kaviademo4200/40928/b5874os/Finance/technical_indicators/geometric_return_indicator.py
2025-11-17 18:00:31,676 - Knowledge - INFO - process ingested knowledge for /app/data/kaviademo4200/40928/b5874os/Finance/technical_indicators/EMA_volume.py
2025-11-17 18:00:31,883 - Knowledge - INFO - process ingested knowledge for /app/data/kaviademo4200/40928/b5874os/Finance/technical_indicators/TWAP.py
2025-11-17 18:00:32,618 - Knowledge - INFO - process ingested knowledge for /app/data/kaviademo4200/40928/b5874os/Finance/stock_analysis/intrinsic_value.py
2025-11-17 18:00:32,620 - Knowledge - INFO - process ingested knowledge for /app/data/kaviademo4200/40928/b5874os/Finance/technical_indicators/ease_of_movement.py
2025-11-17 18:00:32,627 - Knowledge - INFO - process ingested knowledge for /app/data/kaviademo4200/40928/b5874os/Finance/technical_indicators/central_pivot_range_cpr.py
2025-11-17 18:00:33,292 - Knowledge - INFO - process ingested knowledge for /app/data/kaviademo4200/40928/b5874os/Finance/technical_indicators/avg_directional_index.py
2025-11-17 18:00:34,277 - Knowledge - INFO - process ingested knowledge for /app/data/kaviademo4200/40928/b5874os/Finance/stock_analysis/stock_profit_loss.py
2025-11-17 18:00:34,406 - Knowledge - INFO - process ingested knowledge for /app/data/kaviademo4200/40928/b5874os/Finance/technical_indicators/donchain_channel.py
2025-11-17 18:00:34,411 - Knowledge - INFO - process ingested knowledge for /app/data/kaviademo4200/40928/b5874os/Finance/technical_indicators/GMMA.py
2025-11-17 18:00:34,581 - Knowledge - INFO - Processing batch of 12 files
2025-11-17 18:00:35,506 - Knowledge - INFO - process ingested knowledge for /app/data/kaviademo4200/40928/b5874os/Finance/machine_learning/sp500_pca_analysis.py
2025-11-17 18:00:35,525 - Knowledge - INFO - Processing batch of 10 files
2025-11-17 18:00:36,442 - Knowledge - ERROR - Timeout processing /app/data/kaviademo4200/40928/b5874os/Finance/technical_indicators/super_trend.py after 90s
2025-11-17 18:00:36,507 - Knowledge - INFO - process ingested knowledge for /app/data/kaviademo4200/40928/b5874os/Finance/technical_indicators/beta_indicator.py
2025-11-17 18:00:40,487 - Knowledge - INFO - process ingested knowledge for /app/data/kaviademo4200/40928/b5874os/Finance/technical_indicators/detrended_price_oscillator.py
2025-11-17 18:00:40,489 - Knowledge - INFO - process ingested knowledge for /app/data/kaviademo4200/40928/b5874os/Finance/technical_indicators/chaikin_oscillator.py
2025-11-17 18:00:40,490 - Knowledge - INFO - [WEBSOCKET] Sent: Type=progress_update, Size: 273, Duration: 0ms
2025-11-17 18:00:40,490 - Knowledge - INFO - process ingested knowledge for /app/data/kaviademo4200/40928/b5874os/Finance/stock_data/finviz_news_scraper.py
2025-11-17 18:00:40,490 - Knowledge - INFO - process ingested knowledge for /app/data/kaviademo4200/40928/b5874os/Finance/machine_learning/ml_models_accuracy.py
2025-11-17 18:00:40,492 - Knowledge - INFO - process ingested knowledge for /app/data/kaviademo4200/40928/b5874os/Finance/stock_analysis/estimating_returns.py
2025-11-17 18:00:40,665 - Knowledge - INFO - process ingested knowledge for /app/data/kaviademo4200/40928/b5874os/Finance/technical_indicators/absolute_price_oscillator.py
2025-11-17 18:00:40,777 - Knowledge - INFO - process ingested knowledge for /app/data/kaviademo4200/40928/b5874os/Finance/technical_indicators/bollinger_bandwidth.py
2025-11-17 18:00:40,865 - Knowledge - INFO - [WEBSOCKET] Sent: Type=unknown, Size: ?, Duration: 375ms
2025-11-17 18:00:41,014 - Knowledge - INFO - process ingested knowledge for /app/data/kaviademo4200/40928/b5874os/Finance/stock_data/stock_VWAP.py
2025-11-17 18:00:41,098 - Knowledge - INFO - process ingested knowledge for /app/data/kaviademo4200/40928/b5874os/Finance/machine_learning/sklearn_trading_bot.py
2025-11-17 18:00:41,180 - Knowledge - INFO - process ingested knowledge for /app/data/kaviademo4200/40928/b5874os/Finance/stock_analysis/sp500_valuation.py
2025-11-17 18:00:41,501 - Knowledge - INFO - Progress: 91.8% | Files: 171/184 | Rate: 1.37 files/sec | Queue: 0
2025-11-17 18:00:41,684 - Knowledge - INFO - process ingested knowledge for /app/data/kaviademo4200/40928/b5874os/Finance/stock_data/stock_twilio_server.py
2025-11-17 18:00:41,747 - Knowledge - INFO - process ingested knowledge for /app/data/kaviademo4200/40928/b5874os/Finance/machine_learning/prophet_price_prediction.py
2025-11-17 18:00:41,828 - Knowledge - INFO - Processing batch of 8 files
2025-11-17 18:00:41,888 - Knowledge - INFO - process ingested knowledge for /app/data/kaviademo4200/40928/b5874os/Finance/stock_analysis/ols_regression.py
2025-11-17 18:00:41,979 - Knowledge - WARNING - File /app/data/kaviademo4200/40928/b5874os/Finance/technical_indicators/super_trend.py not successfully processed
2025-11-17 18:00:42,050 - Knowledge - INFO - process ingested knowledge for /app/data/kaviademo4200/40928/b5874os/Finance/stock_data/finviz_home_scraper.py
2025-11-17 18:00:42,194 - Knowledge - INFO - process ingested knowledge for /app/data/kaviademo4200/40928/b5874os/Finance/stock_analysis/sp500_cot_sentiment_analysis.py
2025-11-17 18:00:42,214 - Knowledge - INFO - process ingested knowledge for /app/data/kaviademo4200/40928/b5874os/Finance/machine_learning/neural_network_prediction.py
2025-11-17 18:00:42,365 - Knowledge - INFO - process ingested knowledge for /app/data/kaviademo4200/40928/b5874os/Finance/stock_analysis/sma_histogram.py
2025-11-17 18:00:42,587 - Knowledge - INFO - process ingested knowledge for /app/data/kaviademo4200/40928/b5874os/Finance/stock_data/finviz_insider_trades.py
2025-11-17 18:00:42,589 - Knowledge - INFO - process ingested knowledge for /app/data/kaviademo4200/40928/b5874os/Finance/stock_analysis/twitter_sentiment_analysis.py
2025-11-17 18:00:42,735 - Knowledge - INFO - process ingested knowledge for /app/data/kaviademo4200/40928/b5874os/Finance/machine_learning/lstm_prediction.py
2025-11-17 18:00:42,800 - Knowledge - INFO - [WEBSOCKET] Sent: Type=progress_update, Size: 273, Duration: 0ms
2025-11-17 18:00:42,869 - Knowledge - INFO - process ingested knowledge for /app/data/kaviademo4200/40928/b5874os/Finance/stock_data/reddit_scraper.py
2025-11-17 18:00:43,111 - Knowledge - INFO - process ingested knowledge for /app/data/kaviademo4200/40928/b5874os/Finance/stock_analysis/seasonal_stock_analysis.py
2025-11-17 18:00:43,113 - Knowledge - INFO - process ingested knowledge for /app/data/kaviademo4200/40928/b5874os/Finance/ta_functions.py
2025-11-17 18:00:43,122 - Knowledge - INFO - [WEBSOCKET] Sent: Type=unknown, Size: ?, Duration: 322ms
2025-11-17 18:00:43,294 - Knowledge - INFO - process ingested knowledge for /app/data/kaviademo4200/40928/b5874os/Finance/stock_data/tradingview_recommendations.py
2025-11-17 18:00:43,295 - Knowledge - INFO - process ingested knowledge for /app/data/kaviademo4200/40928/b5874os/Finance/stock_analysis/var_analysis.py
2025-11-17 18:00:43,408 - Knowledge - INFO - process ingested knowledge for /app/data/kaviademo4200/40928/b5874os/Finance/tickers.py
2025-11-17 18:00:43,490 - Knowledge - INFO - Progress: 98.9% | Files: 183/184 | Rate: 1.39 files/sec | Queue: 0
2025-11-17 18:00:43,493 - Knowledge - INFO - Processing batch of 11 files
2025-11-17 18:00:43,654 - Knowledge - INFO - process ingested knowledge for /app/data/kaviademo4200/40928/b5874os/Finance/stock_data/yf_intraday_data.py
2025-11-17 18:00:43,780 - Knowledge - INFO - process ingested knowledge for /app/data/kaviademo4200/40928/b5874os/Finance/stock_analysis/ma_backtesting.py
2025-11-17 18:00:43,883 - Knowledge - INFO - process ingested knowledge for /app/data/kaviademo4200/40928/b5874os/Finance/requirements.txt
2025-11-17 18:00:44,097 - Knowledge - INFO - process ingested knowledge for /app/data/kaviademo4200/40928/b5874os/Finance/technical_indicators/bollinger_bands.py
2025-11-17 18:00:44,202 - Knowledge - INFO - process ingested knowledge for /app/data/kaviademo4200/40928/b5874os/Finance/stock_data/stock_data_sms.py
2025-11-17 18:00:44,306 - Knowledge - INFO - process ingested knowledge for /app/data/kaviademo4200/40928/b5874os/Finance/stock_analysis/backest_all_indicators.py
2025-11-17 18:00:44,417 - Knowledge - INFO - process ingested knowledge for /app/data/kaviademo4200/40928/b5874os/Finance/technical_indicators/realised_volatility.py
2025-11-17 18:00:44,516 - Knowledge - INFO - process ingested knowledge for /app/data/kaviademo4200/40928/b5874os/Finance/technical_indicators/moving_avg_env.py
2025-11-17 18:00:44,713 - Knowledge - INFO - process ingested knowledge for /app/data/kaviademo4200/40928/b5874os/Finance/stock_analysis/capm_analysis.py
2025-11-17 18:00:44,900 - Knowledge - INFO - process ingested knowledge for /app/data/kaviademo4200/40928/b5874os/Finance/technical_indicators/new_highs_new_lows.py
2025-11-17 18:00:45,001 - Knowledge - INFO - process ingested knowledge for /app/data/kaviademo4200/40928/b5874os/Finance/technical_indicators/MACD.py
2025-11-17 18:00:45,119 - Knowledge - INFO - process ingested knowledge for /app/data/kaviademo4200/40928/b5874os/Finance/stock_analysis/view_stock_returns.py
2025-11-17 18:00:45,236 - Knowledge - INFO - process ingested knowledge for /app/data/kaviademo4200/40928/b5874os/Finance/technical_indicators/EWMA_Triple.py
2025-11-17 18:00:45,265 - Knowledge - INFO - process ingested knowledge for /app/data/kaviademo4200/40928/b5874os/Finance/technical_indicators/WMA.py
2025-11-17 18:00:45,731 - Knowledge - INFO - process ingested knowledge for /app/data/kaviademo4200/40928/b5874os/Finance/technical_indicators/chaikin_money_flow.py
2025-11-17 18:00:46,267 - Knowledge - INFO - process ingested knowledge for /app/data/kaviademo4200/40928/b5874os/Finance/technical_indicators/pivot_point.py
2025-11-17 18:00:46,521 - Knowledge - INFO - process ingested knowledge for /app/data/kaviademo4200/40928/b5874os/Finance/technical_indicators/linear_regression.py
2025-11-17 18:00:46,704 - Knowledge - INFO - process ingested knowledge for /app/data/kaviademo4200/40928/b5874os/Finance/technical_indicators/covariance.py
2025-11-17 18:00:46,953 - Knowledge - INFO - process ingested knowledge for /app/data/kaviademo4200/40928/b5874os/Finance/technical_indicators/speed_resistance_lines.py
2025-11-17 18:00:47,180 - Knowledge - INFO - process ingested knowledge for /app/data/kaviademo4200/40928/b5874os/Finance/technical_indicators/relative_volatility_index.py
2025-11-17 18:00:47,348 - Knowledge - INFO - process ingested knowledge for /app/data/kaviademo4200/40928/b5874os/Finance/technical_indicators/double_exp_moving_avg.py
2025-11-17 18:00:48,692 - Knowledge - INFO - Knowledge creation complete
2025-11-17 18:00:48,908 - Knowledge - INFO - ==================================================
2025-11-17 18:00:49,110 - Knowledge - INFO - KNOWLEDGE GRAPH GENERATION PERFORMANCE SUMMARY
2025-11-17 18:00:49,289 - Knowledge - INFO - ==================================================
2025-11-17 18:00:49,486 - Knowledge - INFO - Total processing time: 137.45 seconds (2.29 minutes)
2025-11-17 18:00:49,697 - Knowledge - INFO - Files processed: 0
2025-11-17 18:00:49,884 - Knowledge - INFO - Processing rate: 0.00 files/second
2025-11-17 18:00:50,040 - Knowledge - INFO - 
[TIME_BREAKDOWN]
2025-11-17 18:00:50,205 - Knowledge - INFO - File Reading: 0.00s (0.0%)
2025-11-17 18:00:50,354 - Knowledge - INFO - LLM Processing: 1167.47s (849.4%)
2025-11-17 18:00:50,556 - Knowledge - INFO - MongoDB Operations: 0.00s (0.0%)
2025-11-17 18:00:50,764 - Knowledge - INFO - Redis Operations: 0.00s (0.0%)
2025-11-17 18:00:50,975 - Knowledge - INFO - WebSocket Communication: 3.31s (2.4%)
2025-11-17 18:00:51,206 - Knowledge - INFO - 
[LLM_STATS]
2025-11-17 18:00:51,420 - Knowledge - INFO - Total LLM calls: 34
2025-11-17 18:00:51,640 - Knowledge - INFO - Average LLM response time: 34337ms
2025-11-17 18:00:51,810 - Knowledge - INFO - Average prompt tokens: 3980.7
2025-11-17 18:00:52,006 - Knowledge - INFO - Average completion tokens: 461.4
2025-11-17 18:00:52,247 - Knowledge - INFO - Total prompt tokens: 135344
2025-11-17 18:00:52,409 - Knowledge - INFO - Total completion tokens: 15688
2025-11-17 18:00:52,611 - Knowledge - INFO - Total LLM cost: $0.0198
2025-11-17 18:00:52,827 - Knowledge - INFO - 
[DATABASE_STATS]
2025-11-17 18:00:53,002 - Knowledge - INFO - MongoDB operations: 0
2025-11-17 18:00:53,210 - Knowledge - INFO - Redis operations: 0
2025-11-17 18:00:53,386 - Knowledge - INFO - 
[COMMUNICATION_STATS]
2025-11-17 18:00:53,574 - Knowledge - INFO - WebSocket messages sent: 16
2025-11-17 18:00:53,747 - Knowledge - INFO - Average message size: 143.3 bytes
2025-11-17 18:00:53,924 - Knowledge - INFO - 
[WORKER_STATS]
2025-11-17 18:00:54,093 - Knowledge - INFO - 
[FILE_TYPE_STATS]
2025-11-17 18:00:54,298 - Knowledge - INFO - 
[SLOWEST_FILES]
2025-11-17 18:00:54,491 - Knowledge - INFO - ==================================================
2025-11-17 18:00:54,689 - Knowledge - INFO - ==================================================
2025-11-17 18:00:54,852 - Knowledge - INFO - KNOWLEDGE GRAPH GENERATION PERFORMANCE SUMMARY
2025-11-17 18:00:55,039 - Knowledge - INFO - ==================================================
2025-11-17 18:00:55,258 - Knowledge - INFO - Total processing time: 143.28 seconds (2.39 minutes)
2025-11-17 18:00:55,439 - Knowledge - INFO - Files processed: 183 of 184
2025-11-17 18:00:55,592 - Knowledge - INFO - Processing rate: 1.28 files/second
2025-11-17 18:00:55,799 - Knowledge - INFO - WebSocket messages sent: 8
2025-11-17 18:00:55,961 - Knowledge - INFO - MongoDB operations: 183
2025-11-17 18:00:56,163 - Knowledge - INFO - Average MongoDB ops per file: 1.00
2025-11-17 18:00:56,345 - Knowledge - INFO - LLM costs: $0.0198
2025-11-17 18:00:56,531 - Knowledge - INFO - Prompt tokens: 135344
2025-11-17 18:00:56,723 - Knowledge - INFO - Completion tokens: 15688
2025-11-17 18:00:56,912 - Knowledge - INFO - Updating org costs, total cost: 0.0198096
2025-11-17 18:00:58,458 - Knowledge - INFO - [WEBSOCKET] Sent: Type=progress_update, Size: 269, Duration: 0ms
2025-11-17 18:00:58,638 - Knowledge - INFO - Saving knowledge to Redis...
2025-11-17 18:00:58,961 - Knowledge - INFO - Knowledge saved to Redis successfully
